Ticket_ID,Created_Date,Resolved_Date,Department,Issue_Category,Priority,Assigned_Agent,SLA_Hours,Cost_Per_Ticket
TKT-0001,2024-03-03 11:08,2024-03-04 21:51,Customer Support,Inquiry,Medium,Agent_18,48,1958
TKT-0002,2024-01-24 11:14,2024-01-28 22:52,Technical,Login Issue,Low,Agent_18,72,627
TKT-0003,2024-05-30 12:51,2024-06-01 08:39,Technical,Login Issue,Low,Agent_14,72,763
TKT-0004,2024-03-27 09:05,2024-03-31 04:11,Technical,System Error,Low,Agent_12,72,967
TKT-0005,2024-05-17 09:59,2024-05-19 14:04,Customer Support,Inquiry,Medium,Agent_10,48,1765
TKT-0006,2024-06-29 09:02,2024-07-02 07:16,Billing,Refund Request,Medium,Agent_10,48,1991
TKT-0007,2024-04-07 12:29,2024-04-08 23:22,Operations,Delivery Delay,High,Agent_06,24,2373
TKT-0008,2024-06-28 09:38,2024-07-01 05:48,Customer Support,Inquiry,Medium,Agent_08,48,1746
TKT-0009,2024-06-12 16:14,2024-06-16 05:07,Technical,Login Issue,Low,Agent_02,72,1386
TKT-0010,2024-04-12 12:04,2024-04-13 09:02,Technical,System Error,High,Agent_11,24,2580
TKT-0011,2024-06-13 15:09,2024-06-16 19:17,Technical,Login Issue,Low,Agent_18,72,852
TKT-0012,2024-04-12 13:14,2024-04-13 07:46,Customer Support,Login Issue,High,Agent_03,24,2505
TKT-0013,2024-02-10 14:38,2024-02-12 18:02,Billing,Payment Issue,Low,Agent_20,72,990
TKT-0014,2024-01-03 09:43,2024-01-04 17:31,Operations,Delivery Delay,High,Agent_11,24,2273
TKT-0015,2024-01-01 12:32,2024-01-04 06:04,Technical,Login Issue,Low,Agent_10,72,708
TKT-0016,2024-02-11 16:49,2024-02-13 12:27,Billing,Payment Issue,Low,Agent_16,72,931
TKT-0017,2024-03-19 11:03,2024-03-20 08:59,Technical,Login Issue,High,Agent_03,24,2580
TKT-0018,2024-05-16 10:08,2024-05-17 21:38,Technical,Login Issue,High,Agent_06,24,2562
TKT-0019,2024-05-18 11:45,2024-05-19 11:10,Technical,Login Issue,High,Agent_12,24,2687
TKT-0020,2024-02-27 09:21,2024-02-29 06:58,Customer Support,Login Issue,Low,Agent_08,72,1167
TKT-0021,2024-06-10 08:14,2024-06-12 12:11,Customer Support,Inquiry,Low,Agent_11,72,632
TKT-0022,2024-05-04 11:34,2024-05-06 23:20,Technical,System Error,Low,Agent_19,72,1184
TKT-0023,2024-02-18 09:06,2024-02-19 20:33,Customer Support,Login Issue,High,Agent_14,24,2362
TKT-0024,2024-06-14 09:03,2024-06-16 14:49,Customer Support,Inquiry,Medium,Agent_04,48,1547
TKT-0025,2024-02-05 14:11,2024-02-07 11:40,Technical,System Error,Medium,Agent_03,48,1455
TKT-0026,2024-05-18 08:05,2024-05-21 09:15,Customer Support,Inquiry,Low,Agent_16,72,1016
TKT-0027,2024-02-12 14:00,2024-02-13 16:16,Customer Support,Login Issue,High,Agent_10,24,2465
TKT-0028,2024-03-16 11:03,2024-03-18 13:50,Customer Support,Login Issue,Low,Agent_02,72,921
TKT-0029,2024-05-15 10:03,2024-05-17 22:08,Technical,Login Issue,Medium,Agent_03,48,1390
TKT-0030,2024-05-25 11:37,2024-05-28 05:39,Customer Support,Inquiry,Medium,Agent_03,48,1834
TKT-0031,2024-02-22 13:15,2024-02-23 11:40,Customer Support,Login Issue,High,Agent_10,24,2134
TKT-0032,2024-06-08 09:04,2024-06-11 07:36,Customer Support,Inquiry,Low,Agent_05,72,871
TKT-0033,2024-04-04 12:10,2024-04-05 17:03,Operations,Delivery Delay,High,Agent_10,24,2556
TKT-0034,2024-05-21 12:59,2024-05-24 11:05,Customer Support,Inquiry,Medium,Agent_09,48,1337
TKT-0035,2024-02-09 12:18,2024-02-12 06:31,Technical,System Error,Medium,Agent_11,48,1934
TKT-0036,2024-03-05 08:05,2024-03-08 04:32,Technical,Login Issue,Medium,Agent_02,48,1483
TKT-0037,2024-03-08 10:47,2024-03-10 19:22,Technical,System Error,Medium,Agent_14,48,1922
TKT-0038,2024-06-25 10:34,2024-06-27 10:27,Customer Support,Inquiry,Low,Agent_19,72,978
TKT-0039,2024-03-19 13:57,2024-03-21 14:54,Customer Support,Login Issue,Low,Agent_07,72,966
TKT-0040,2024-05-23 14:39,2024-05-26 05:38,Billing,Payment Issue,Low,Agent_06,72,842
TKT-0041,2024-01-07 10:47,2024-01-08 11:37,Operations,Delivery Delay,High,Agent_08,24,2421
TKT-0042,2024-01-10 15:14,2024-01-13 12:06,Technical,System Error,Low,Agent_12,72,1071
TKT-0043,2024-06-17 11:25,2024-06-21 00:42,Technical,System Error,Low,Agent_09,72,671
TKT-0044,2024-05-17 13:01,2024-05-19 00:57,Customer Support,Login Issue,Medium,Agent_06,48,1467
TKT-0045,2024-06-01 14:22,2024-06-05 01:49,Customer Support,Login Issue,Low,Agent_17,72,1220
TKT-0046,2024-04-21 08:33,2024-04-24 04:56,Technical,System Error,Low,Agent_03,72,1041
TKT-0047,2024-06-18 09:46,2024-06-20 09:18,Operations,Delivery Delay,Medium,Agent_14,48,1516
TKT-0048,2024-02-19 14:42,2024-02-21 19:25,Technical,Login Issue,Medium,Agent_06,48,1966
TKT-0049,2024-01-01 12:18,2024-01-03 05:45,Customer Support,Login Issue,Medium,Agent_20,48,1793
TKT-0050,2024-06-21 11:32,2024-06-23 22:22,Billing,Refund Request,Medium,Agent_06,48,1953
TKT-0051,2024-06-11 13:05,2024-06-13 08:48,Billing,Refund Request,Medium,Agent_08,48,1517
TKT-0052,2024-03-03 15:39,2024-03-05 20:08,Billing,Payment Issue,Low,Agent_19,72,1024
TKT-0053,2024-03-03 10:41,2024-03-06 10:41,Technical,Login Issue,Medium,Agent_04,48,1968
TKT-0054,2024-06-27 16:29,2024-06-29 18:04,Billing,Payment Issue,Low,Agent_04,72,855
TKT-0055,2024-05-23 13:48,2024-05-25 22:27,Customer Support,Login Issue,Medium,Agent_17,48,1936
TKT-0056,2024-05-01 15:16,2024-05-02 13:09,Customer Support,Login Issue,High,Agent_09,24,2652
TKT-0057,2024-03-11 15:04,2024-03-13 13:19,Billing,Refund Request,Medium,Agent_11,48,1478
TKT-0058,2024-02-29 14:44,2024-03-03 05:29,Technical,System Error,Low,Agent_03,72,819
TKT-0059,2024-04-16 08:13,2024-04-18 14:37,Customer Support,Login Issue,Medium,Agent_19,48,1988
TKT-0060,2024-05-27 14:30,2024-05-28 04:52,Operations,Delivery Delay,High,Agent_13,24,2305
TKT-0061,2024-05-19 11:31,2024-05-21 05:48,Operations,Delivery Delay,Medium,Agent_16,48,1646
TKT-0062,2024-04-13 10:53,2024-04-15 20:51,Technical,Login Issue,Medium,Agent_20,48,1330
TKT-0063,2024-06-18 08:05,2024-06-21 05:32,Customer Support,Login Issue,Medium,Agent_15,48,1338
TKT-0064,2024-02-24 15:20,2024-02-28 06:08,Technical,Login Issue,Low,Agent_09,72,988
TKT-0065,2024-01-21 15:01,2024-01-23 16:23,Billing,Refund Request,Low,Agent_03,72,829
TKT-0066,2024-03-04 11:53,2024-03-05 02:32,Billing,Payment Issue,High,Agent_08,24,2156
TKT-0067,2024-02-25 15:44,2024-02-27 12:33,Technical,System Error,Medium,Agent_06,48,1577
TKT-0068,2024-02-11 12:06,2024-02-12 20:07,Customer Support,Inquiry,High,Agent_19,24,2319
TKT-0069,2024-02-20 09:37,2024-02-23 11:43,Billing,Refund Request,Low,Agent_10,72,1313
TKT-0070,2024-05-24 08:22,2024-05-25 15:49,Operations,Delivery Delay,High,Agent_12,24,2677
TKT-0071,2024-04-17 15:06,2024-04-21 17:29,Technical,Login Issue,Low,Agent_15,72,1250
TKT-0072,2024-05-13 12:39,2024-05-17 21:08,Billing,Refund Request,Low,Agent_19,72,1046
TKT-0073,2024-01-23 12:56,2024-01-24 17:11,Technical,System Error,High,Agent_15,24,2768
TKT-0074,2024-05-06 13:11,2024-05-10 22:24,Customer Support,Login Issue,Low,Agent_09,72,963
TKT-0075,2024-05-12 11:05,2024-05-14 06:51,Technical,Login Issue,Medium,Agent_16,48,1616
TKT-0076,2024-06-14 15:28,2024-06-15 20:33,Customer Support,Inquiry,Medium,Agent_08,48,1501
TKT-0077,2024-05-28 13:30,2024-06-01 04:57,Customer Support,Inquiry,Low,Agent_18,72,1363
TKT-0078,2024-03-05 11:07,2024-03-08 06:27,Technical,Login Issue,Low,Agent_18,72,722
TKT-0079,2024-05-03 12:46,2024-05-06 19:52,Operations,Delivery Delay,Low,Agent_10,72,798
TKT-0080,2024-05-16 10:17,2024-05-18 10:20,Technical,System Error,Low,Agent_10,72,1166
TKT-0081,2024-05-05 09:55,2024-05-06 14:31,Billing,Payment Issue,Medium,Agent_16,48,1491
TKT-0082,2024-01-14 12:55,2024-01-18 21:02,Customer Support,Login Issue,Low,Agent_13,72,666
TKT-0083,2024-05-24 12:05,2024-05-27 14:12,Customer Support,Inquiry,Low,Agent_14,72,1171
TKT-0084,2024-04-07 15:58,2024-04-08 20:17,Customer Support,Inquiry,High,Agent_14,24,2602
TKT-0085,2024-01-26 11:40,2024-01-28 04:56,Technical,System Error,Medium,Agent_03,48,1876
TKT-0086,2024-02-10 08:26,2024-02-12 17:10,Technical,System Error,Medium,Agent_16,48,1808
TKT-0087,2024-03-13 15:04,2024-03-16 16:03,Technical,System Error,Low,Agent_19,72,870
TKT-0088,2024-05-19 11:41,2024-05-21 01:39,Billing,Payment Issue,Medium,Agent_05,48,1472
TKT-0089,2024-06-01 12:28,2024-06-02 05:57,Technical,System Error,High,Agent_10,24,2705
TKT-0090,2024-05-06 15:05,2024-05-09 09:07,Billing,Refund Request,Medium,Agent_11,48,1642
TKT-0091,2024-06-21 08:48,2024-06-24 14:24,Customer Support,Inquiry,Low,Agent_06,72,641
TKT-0092,2024-02-16 14:40,2024-02-17 19:45,Customer Support,Login Issue,High,Agent_12,24,2481
TKT-0093,2024-02-11 13:26,2024-02-14 13:57,Customer Support,Login Issue,Medium,Agent_13,48,1495
TKT-0094,2024-03-21 12:20,2024-03-23 00:09,Billing,Payment Issue,Medium,Agent_17,48,1613
TKT-0095,2024-05-18 15:26,2024-05-19 22:38,Billing,Payment Issue,Medium,Agent_12,48,1730
TKT-0096,2024-01-14 11:17,2024-01-17 02:25,Customer Support,Login Issue,Medium,Agent_15,48,1494
TKT-0097,2024-06-10 11:45,2024-06-13 03:04,Operations,Delivery Delay,Low,Agent_01,72,1164
TKT-0098,2024-01-30 15:07,2024-02-02 05:38,Customer Support,Inquiry,Low,Agent_10,72,1333
TKT-0099,2024-05-03 15:15,2024-05-06 00:50,Customer Support,Login Issue,Medium,Agent_13,48,1348
TKT-0100,2024-03-11 14:21,2024-03-12 20:38,Technical,System Error,High,Agent_10,24,2002
TKT-0101,2024-04-24 16:30,2024-04-25 17:51,Billing,Refund Request,High,Agent_18,24,2565
TKT-0102,2024-06-27 11:36,2024-06-28 13:50,Customer Support,Login Issue,High,Agent_14,24,2794
TKT-0103,2024-04-07 14:42,2024-04-10 11:51,Technical,Login Issue,Medium,Agent_02,48,1707
TKT-0104,2024-04-22 09:33,2024-04-23 13:33,Technical,Login Issue,High,Agent_05,24,2739
TKT-0105,2024-03-08 13:39,2024-03-12 11:20,Customer Support,Inquiry,Low,Agent_11,72,682
TKT-0106,2024-06-09 15:55,2024-06-10 22:57,Operations,Delivery Delay,High,Agent_03,24,2632
TKT-0107,2024-01-24 14:06,2024-01-26 00:51,Technical,Login Issue,High,Agent_15,24,2102
TKT-0108,2024-01-12 13:50,2024-01-13 05:08,Technical,Login Issue,High,Agent_12,24,2367
TKT-0109,2024-05-24 10:10,2024-05-26 01:15,Customer Support,Inquiry,Medium,Agent_13,48,1824
TKT-0110,2024-05-29 10:14,2024-05-31 19:54,Customer Support,Inquiry,Medium,Agent_15,48,1460
TKT-0111,2024-04-29 12:43,2024-04-30 19:53,Technical,System Error,High,Agent_15,24,2075
TKT-0112,2024-04-18 12:29,2024-04-20 11:41,Operations,Delivery Delay,Medium,Agent_16,48,1593
TKT-0113,2024-05-27 12:44,2024-05-29 10:45,Technical,Login Issue,Medium,Agent_13,48,1874
TKT-0114,2024-05-07 12:49,2024-05-08 10:27,Technical,System Error,High,Agent_08,24,2360
TKT-0115,2024-06-17 10:40,2024-06-18 21:37,Customer Support,Login Issue,Medium,Agent_02,48,1842
TKT-0116,2024-04-03 10:05,2024-04-06 18:25,Technical,Login Issue,Low,Agent_14,72,1365
TKT-0117,2024-04-03 16:32,2024-04-04 15:25,Technical,System Error,High,Agent_09,24,2168
TKT-0118,2024-03-16 13:51,2024-03-17 07:20,Operations,Delivery Delay,High,Agent_05,24,2077
TKT-0119,2024-06-21 14:54,2024-06-22 22:17,Billing,Payment Issue,High,Agent_13,24,2092
TKT-0120,2024-06-21 12:37,2024-06-23 17:29,Technical,System Error,Medium,Agent_12,48,1853
TKT-0121,2024-06-07 16:20,2024-06-10 11:34,Technical,System Error,Medium,Agent_03,48,1863
TKT-0122,2024-03-18 14:07,2024-03-19 08:09,Customer Support,Login Issue,High,Agent_10,24,2038
TKT-0123,2024-05-17 10:24,2024-05-21 15:47,Operations,Delivery Delay,Low,Agent_18,72,1286
TKT-0124,2024-06-16 09:53,2024-06-17 15:32,Customer Support,Inquiry,High,Agent_09,24,2417
TKT-0125,2024-04-23 11:54,2024-04-27 05:00,Technical,Login Issue,Low,Agent_12,72,1302
TKT-0126,2024-03-11 11:07,2024-03-15 16:12,Customer Support,Login Issue,Low,Agent_07,72,1278
TKT-0127,2024-03-26 11:08,2024-03-29 08:12,Customer Support,Inquiry,Low,Agent_18,72,1383
TKT-0128,2024-02-29 13:49,2024-03-01 08:39,Technical,System Error,High,Agent_01,24,2610
TKT-0129,2024-05-18 12:51,2024-05-19 07:58,Technical,System Error,High,Agent_01,24,2676
TKT-0130,2024-03-01 13:01,2024-03-02 08:17,Technical,Login Issue,High,Agent_05,24,2053
TKT-0131,2024-05-01 15:49,2024-05-03 19:21,Billing,Payment Issue,Medium,Agent_04,48,1807
TKT-0132,2024-01-12 16:19,2024-01-13 21:00,Customer Support,Inquiry,High,Agent_02,24,2031
TKT-0133,2024-01-28 15:45,2024-01-30 23:49,Operations,Delivery Delay,Medium,Agent_11,48,1282
TKT-0134,2024-06-08 16:45,2024-06-12 05:09,Customer Support,Inquiry,Low,Agent_17,72,1211
TKT-0135,2024-06-28 09:54,2024-07-01 08:21,Technical,Login Issue,Low,Agent_08,72,1062
TKT-0136,2024-01-25 13:27,2024-01-29 01:09,Customer Support,Login Issue,Low,Agent_12,72,861
TKT-0137,2024-01-22 09:27,2024-01-24 17:14,Operations,Delivery Delay,Low,Agent_12,72,1356
TKT-0138,2024-05-23 16:21,2024-05-26 14:28,Billing,Payment Issue,Medium,Agent_12,48,1620
TKT-0139,2024-01-14 12:38,2024-01-15 12:00,Operations,Delivery Delay,High,Agent_19,24,2106
TKT-0140,2024-02-27 09:22,2024-03-01 00:45,Customer Support,Inquiry,Medium,Agent_09,48,1317
TKT-0141,2024-06-08 16:01,2024-06-10 02:00,Customer Support,Login Issue,High,Agent_09,24,2673
TKT-0142,2024-03-20 13:22,2024-03-21 17:33,Technical,Login Issue,Medium,Agent_19,48,1346
TKT-0143,2024-06-11 08:05,2024-06-14 06:29,Billing,Payment Issue,Low,Agent_15,72,1029
TKT-0144,2024-03-24 09:56,2024-03-26 11:05,Technical,Login Issue,Low,Agent_20,72,761
TKT-0145,2024-06-18 14:31,2024-06-22 17:57,Technical,System Error,Low,Agent_07,72,879
TKT-0146,2024-01-29 12:43,2024-02-02 22:16,Billing,Payment Issue,Low,Agent_10,72,1283
TKT-0147,2024-01-15 08:13,2024-01-16 07:26,Technical,Login Issue,High,Agent_05,24,2785
TKT-0148,2024-01-02 15:47,2024-01-06 17:58,Billing,Refund Request,Low,Agent_13,72,732
TKT-0149,2024-06-20 13:04,2024-06-22 18:59,Customer Support,Inquiry,Medium,Agent_02,48,1959
TKT-0150,2024-03-21 14:36,2024-03-22 17:21,Customer Support,Login Issue,High,Agent_14,24,2655
TKT-0151,2024-03-24 10:51,2024-03-28 16:44,Technical,Login Issue,Low,Agent_12,72,1306
TKT-0152,2024-05-30 14:33,2024-06-01 19:58,Technical,System Error,Low,Agent_11,72,917
TKT-0153,2024-06-11 09:33,2024-06-15 21:45,Technical,System Error,Low,Agent_12,72,1394
TKT-0154,2024-02-07 12:12,2024-02-10 05:50,Customer Support,Inquiry,Low,Agent_03,72,756
TKT-0155,2024-05-24 15:43,2024-05-27 08:24,Technical,Login Issue,Medium,Agent_20,48,1850
TKT-0156,2024-01-18 15:28,2024-01-22 01:18,Technical,Login Issue,Low,Agent_19,72,881
TKT-0157,2024-04-25 08:03,2024-04-29 02:56,Technical,System Error,Low,Agent_03,72,893
TKT-0158,2024-05-09 14:29,2024-05-12 08:04,Customer Support,Inquiry,Medium,Agent_02,48,1956
TKT-0159,2024-05-01 16:09,2024-05-03 18:37,Customer Support,Inquiry,Low,Agent_11,72,705
TKT-0160,2024-02-14 08:15,2024-02-16 16:43,Operations,Delivery Delay,Medium,Agent_17,48,1736
TKT-0161,2024-03-13 14:26,2024-03-17 05:09,Customer Support,Login Issue,Low,Agent_02,72,1212
TKT-0162,2024-01-25 16:43,2024-01-29 13:01,Billing,Refund Request,Low,Agent_20,72,858
TKT-0163,2024-06-18 10:58,2024-06-22 02:17,Operations,Delivery Delay,Low,Agent_13,72,1271
TKT-0164,2024-04-06 13:52,2024-04-09 01:34,Technical,System Error,Low,Agent_17,72,1319
TKT-0165,2024-01-05 13:19,2024-01-07 04:32,Technical,Login Issue,Medium,Agent_16,48,1549
TKT-0166,2024-03-16 09:32,2024-03-18 09:14,Technical,System Error,Low,Agent_20,72,944
TKT-0167,2024-02-16 10:46,2024-02-20 13:48,Technical,Login Issue,Low,Agent_12,72,1020
TKT-0168,2024-06-05 12:48,2024-06-06 17:02,Billing,Payment Issue,High,Agent_08,24,2546
TKT-0169,2024-02-19 13:43,2024-02-20 22:11,Technical,Login Issue,High,Agent_10,24,2472
TKT-0170,2024-02-21 10:55,2024-02-22 08:58,Billing,Refund Request,High,Agent_16,24,2656
TKT-0171,2024-05-12 09:18,2024-05-13 19:06,Operations,Delivery Delay,Medium,Agent_09,48,1364
TKT-0172,2024-01-24 11:52,2024-01-25 16:48,Customer Support,Inquiry,High,Agent_01,24,2357
TKT-0173,2024-03-01 14:05,2024-03-03 17:19,Customer Support,Login Issue,Medium,Agent_11,48,1228
TKT-0174,2024-02-05 08:18,2024-02-06 14:02,Operations,Delivery Delay,High,Agent_16,24,2142
TKT-0175,2024-01-05 12:13,2024-01-06 06:48,Customer Support,Inquiry,High,Agent_20,24,2744
TKT-0176,2024-03-01 12:07,2024-03-02 03:22,Customer Support,Inquiry,High,Agent_20,24,2429
TKT-0177,2024-05-07 16:01,2024-05-09 02:33,Customer Support,Inquiry,High,Agent_08,24,2588
TKT-0178,2024-06-06 13:15,2024-06-09 05:41,Billing,Refund Request,Medium,Agent_03,48,1391
TKT-0179,2024-05-14 16:32,2024-05-19 04:07,Customer Support,Login Issue,Low,Agent_13,72,620
TKT-0180,2024-04-05 12:47,2024-04-06 18:09,Operations,Delivery Delay,Medium,Agent_12,48,1269
TKT-0181,2024-03-26 10:02,2024-03-27 11:36,Technical,System Error,High,Agent_06,24,2346
TKT-0182,2024-05-02 10:51,2024-05-03 04:55,Billing,Refund Request,High,Agent_15,24,2733
TKT-0183,2024-02-21 08:20,2024-02-24 18:52,Technical,System Error,Low,Agent_18,72,1007
TKT-0184,2024-02-18 12:22,2024-02-19 04:17,Customer Support,Inquiry,High,Agent_11,24,2671
TKT-0185,2024-04-12 15:57,2024-04-14 20:18,Technical,Login Issue,Medium,Agent_16,48,1391
TKT-0186,2024-05-12 12:51,2024-05-13 05:37,Billing,Refund Request,High,Agent_03,24,2434
TKT-0187,2024-03-23 09:05,2024-03-25 09:47,Customer Support,Inquiry,Medium,Agent_10,48,1502
TKT-0188,2024-04-23 13:28,2024-04-25 14:14,Customer Support,Login Issue,Low,Agent_20,72,961
TKT-0189,2024-01-15 09:42,2024-01-18 06:07,Operations,Delivery Delay,Medium,Agent_17,48,1572
TKT-0190,2024-02-06 15:02,2024-02-07 09:06,Billing,Payment Issue,High,Agent_12,24,2241
TKT-0191,2024-06-22 15:23,2024-06-24 18:51,Customer Support,Inquiry,Medium,Agent_03,48,1981
TKT-0192,2024-06-15 12:15,2024-06-17 21:16,Customer Support,Login Issue,Low,Agent_06,72,1353
TKT-0193,2024-01-31 12:49,2024-02-01 11:34,Customer Support,Login Issue,High,Agent_07,24,2456
TKT-0194,2024-05-05 11:07,2024-05-07 00:01,Operations,Delivery Delay,Medium,Agent_15,48,1275
TKT-0195,2024-06-23 13:42,2024-06-24 15:27,Technical,Login Issue,High,Agent_18,24,2066
TKT-0196,2024-06-28 10:50,2024-06-29 12:22,Customer Support,Login Issue,High,Agent_04,24,2229
TKT-0197,2024-05-06 08:23,2024-05-10 02:52,Operations,Delivery Delay,Low,Agent_05,72,1164
TKT-0198,2024-04-11 15:33,2024-04-15 15:22,Customer Support,Inquiry,Low,Agent_19,72,1019
TKT-0199,2024-04-25 15:43,2024-04-28 05:05,Technical,Login Issue,Medium,Agent_18,48,1331
TKT-0200,2024-02-03 14:32,2024-02-04 06:25,Customer Support,Inquiry,High,Agent_17,24,2127
TKT-0201,2024-02-27 13:33,2024-03-01 21:27,Technical,System Error,Low,Agent_09,72,680
TKT-0202,2024-03-18 16:05,2024-03-23 03:46,Technical,Login Issue,Low,Agent_19,72,772
TKT-0203,2024-06-08 13:53,2024-06-10 14:45,Operations,Delivery Delay,Low,Agent_03,72,629
TKT-0204,2024-05-26 14:39,2024-05-29 10:40,Technical,Login Issue,Medium,Agent_18,48,1709
TKT-0205,2024-06-24 14:19,2024-06-26 23:23,Technical,Login Issue,Medium,Agent_02,48,1905
TKT-0206,2024-02-22 13:38,2024-02-24 02:58,Technical,Login Issue,Medium,Agent_11,48,1935
TKT-0207,2024-02-03 13:32,2024-02-04 20:38,Billing,Refund Request,High,Agent_08,24,2326
TKT-0208,2024-02-06 09:03,2024-02-08 07:27,Customer Support,Login Issue,Medium,Agent_14,48,1830
TKT-0209,2024-05-27 13:12,2024-05-28 08:43,Technical,System Error,High,Agent_15,24,2527
TKT-0210,2024-01-24 14:32,2024-01-26 23:47,Customer Support,Login Issue,Medium,Agent_19,48,1420
TKT-0211,2024-06-01 15:18,2024-06-03 12:12,Customer Support,Inquiry,Low,Agent_14,72,710
TKT-0212,2024-04-13 13:02,2024-04-15 18:05,Technical,Login Issue,Medium,Agent_18,48,1783
TKT-0213,2024-05-09 15:48,2024-05-12 22:40,Technical,Login Issue,Low,Agent_20,72,1238
TKT-0214,2024-03-27 16:23,2024-03-30 05:35,Technical,System Error,Low,Agent_17,72,1216
TKT-0215,2024-02-05 13:51,2024-02-09 21:24,Customer Support,Inquiry,Low,Agent_05,72,1067
TKT-0216,2024-06-05 13:10,2024-06-09 10:49,Customer Support,Inquiry,Low,Agent_10,72,1357
TKT-0217,2024-03-17 15:52,2024-03-18 21:15,Customer Support,Login Issue,Medium,Agent_04,48,1539
TKT-0218,2024-06-25 08:38,2024-06-26 13:54,Operations,Delivery Delay,High,Agent_19,24,2671
TKT-0219,2024-02-13 16:40,2024-02-16 12:29,Customer Support,Inquiry,Medium,Agent_05,48,1589
TKT-0220,2024-06-28 09:12,2024-06-30 06:40,Billing,Payment Issue,Low,Agent_14,72,921
TKT-0221,2024-06-05 15:55,2024-06-06 23:40,Technical,System Error,Medium,Agent_17,48,1341
TKT-0222,2024-05-02 16:24,2024-05-03 16:35,Technical,Login Issue,High,Agent_18,24,2470
TKT-0223,2024-06-23 12:39,2024-06-25 22:51,Technical,Login Issue,Medium,Agent_09,48,1452
TKT-0224,2024-03-17 12:45,2024-03-18 09:29,Customer Support,Inquiry,High,Agent_16,24,2721
TKT-0225,2024-03-11 12:07,2024-03-14 04:50,Technical,Login Issue,Medium,Agent_13,48,1756
TKT-0226,2024-02-07 12:02,2024-02-08 11:47,Operations,Delivery Delay,High,Agent_12,24,2080
TKT-0227,2024-02-24 11:52,2024-02-27 02:09,Operations,Delivery Delay,Medium,Agent_09,48,1775
TKT-0228,2024-06-20 16:14,2024-06-23 16:17,Technical,System Error,Low,Agent_14,72,702
TKT-0229,2024-02-05 08:35,2024-02-08 00:01,Technical,Login Issue,Low,Agent_16,72,1268
TKT-0230,2024-03-14 13:18,2024-03-15 23:21,Customer Support,Inquiry,High,Agent_03,24,2787
TKT-0231,2024-01-10 10:26,2024-01-12 02:25,Billing,Payment Issue,Medium,Agent_13,48,1237
TKT-0232,2024-03-15 08:00,2024-03-16 07:36,Billing,Payment Issue,High,Agent_04,24,2617
TKT-0233,2024-06-13 16:33,2024-06-18 03:29,Operations,Delivery Delay,Low,Agent_17,72,737
TKT-0234,2024-03-25 10:46,2024-03-26 15:27,Customer Support,Inquiry,High,Agent_06,24,2263
TKT-0235,2024-05-25 11:11,2024-05-26 21:05,Technical,Login Issue,High,Agent_13,24,2654
TKT-0236,2024-06-20 09:11,2024-06-22 21:41,Billing,Refund Request,Low,Agent_08,72,931
TKT-0237,2024-03-09 13:19,2024-03-11 09:35,Technical,Login Issue,Low,Agent_12,72,1269
TKT-0238,2024-04-29 12:10,2024-05-01 17:53,Billing,Payment Issue,Medium,Agent_10,48,1714
TKT-0239,2024-02-26 11:08,2024-03-01 19:17,Billing,Refund Request,Low,Agent_20,72,1065
TKT-0240,2024-06-19 11:48,2024-06-20 09:31,Customer Support,Login Issue,High,Agent_20,24,2772
TKT-0241,2024-05-15 13:04,2024-05-18 05:11,Operations,Delivery Delay,Medium,Agent_18,48,1263
TKT-0242,2024-02-08 10:20,2024-02-10 23:48,Operations,Delivery Delay,Medium,Agent_07,48,1319
TKT-0243,2024-05-10 15:51,2024-05-12 18:20,Billing,Refund Request,Low,Agent_17,72,735
TKT-0244,2024-06-21 12:46,2024-06-22 18:11,Customer Support,Inquiry,Medium,Agent_01,48,1460
TKT-0245,2024-03-29 09:34,2024-03-31 12:33,Billing,Payment Issue,Low,Agent_16,72,670
TKT-0246,2024-02-04 14:23,2024-02-08 09:51,Technical,Login Issue,Low,Agent_13,72,986
TKT-0247,2024-03-30 09:11,2024-04-01 23:36,Technical,System Error,Medium,Agent_05,48,1741
TKT-0248,2024-01-06 12:29,2024-01-08 00:15,Billing,Payment Issue,High,Agent_14,24,2557
TKT-0249,2024-03-29 10:17,2024-04-01 06:16,Customer Support,Inquiry,Low,Agent_04,72,1342
TKT-0250,2024-01-05 11:13,2024-01-06 19:19,Technical,Login Issue,Medium,Agent_02,48,1808
TKT-0251,2024-01-12 14:28,2024-01-15 15:02,Customer Support,Inquiry,Low,Agent_02,72,822
TKT-0252,2024-05-27 13:36,2024-05-31 01:51,Technical,Login Issue,Low,Agent_05,72,909
TKT-0253,2024-03-11 08:35,2024-03-14 02:31,Operations,Delivery Delay,Medium,Agent_06,48,1952
TKT-0254,2024-01-13 13:41,2024-01-16 12:05,Customer Support,Login Issue,Medium,Agent_11,48,1737
TKT-0255,2024-04-06 10:48,2024-04-10 18:03,Billing,Refund Request,Low,Agent_10,72,830
TKT-0256,2024-01-15 16:26,2024-01-16 20:01,Operations,Delivery Delay,High,Agent_05,24,2542
TKT-0257,2024-06-14 09:59,2024-06-18 14:53,Customer Support,Login Issue,Low,Agent_03,72,979
TKT-0258,2024-04-06 08:55,2024-04-08 13:07,Customer Support,Inquiry,Low,Agent_19,72,1379
TKT-0259,2024-03-26 12:58,2024-03-27 17:11,Billing,Payment Issue,Medium,Agent_04,48,1394
TKT-0260,2024-06-27 11:25,2024-06-28 09:00,Billing,Refund Request,High,Agent_10,24,2329
TKT-0261,2024-04-02 16:56,2024-04-07 03:25,Customer Support,Login Issue,Low,Agent_16,72,700
TKT-0262,2024-04-04 13:26,2024-04-05 05:02,Billing,Refund Request,High,Agent_05,24,2226
TKT-0263,2024-02-20 13:14,2024-02-24 08:50,Technical,Login Issue,Low,Agent_16,72,851
TKT-0264,2024-05-05 15:29,2024-05-08 08:15,Customer Support,Login Issue,Low,Agent_06,72,960
TKT-0265,2024-05-18 08:33,2024-05-20 08:26,Technical,Login Issue,Low,Agent_02,72,676
TKT-0266,2024-06-10 11:04,2024-06-13 01:04,Billing,Refund Request,Low,Agent_17,72,823
TKT-0267,2024-06-19 15:42,2024-06-22 02:43,Customer Support,Inquiry,Medium,Agent_18,48,1206
TKT-0268,2024-03-11 16:18,2024-03-13 13:50,Customer Support,Inquiry,Low,Agent_14,72,1314
TKT-0269,2024-01-25 16:09,2024-01-28 17:21,Billing,Payment Issue,Low,Agent_17,72,1234
TKT-0270,2024-04-11 09:23,2024-04-15 07:52,Technical,Login Issue,Low,Agent_08,72,1178
TKT-0271,2024-01-21 08:05,2024-01-25 06:29,Operations,Delivery Delay,Low,Agent_18,72,986
TKT-0272,2024-01-22 15:54,2024-01-24 23:35,Customer Support,Inquiry,Medium,Agent_19,48,1539
TKT-0273,2024-01-11 11:13,2024-01-13 00:09,Operations,Delivery Delay,High,Agent_16,24,2580
TKT-0274,2024-03-12 16:36,2024-03-15 14:38,Technical,System Error,Medium,Agent_11,48,1383
TKT-0275,2024-04-11 09:19,2024-04-12 23:55,Technical,System Error,Medium,Agent_19,48,1446
TKT-0276,2024-05-18 13:24,2024-05-20 02:14,Billing,Refund Request,Medium,Agent_03,48,1905
TKT-0277,2024-04-21 11:53,2024-04-23 16:14,Customer Support,Login Issue,Low,Agent_20,72,1219
TKT-0278,2024-03-24 08:40,2024-03-25 07:30,Operations,Delivery Delay,High,Agent_16,24,2461
TKT-0279,2024-06-23 14:05,2024-06-26 09:23,Technical,Login Issue,Medium,Agent_03,48,1452
TKT-0280,2024-06-11 10:47,2024-06-15 07:07,Technical,System Error,Low,Agent_04,72,969
TKT-0281,2024-03-10 09:08,2024-03-11 18:19,Technical,Login Issue,Medium,Agent_15,48,1641
TKT-0282,2024-01-23 13:35,2024-01-25 20:13,Customer Support,Login Issue,Low,Agent_11,72,1212
TKT-0283,2024-04-09 09:46,2024-04-12 12:22,Operations,Delivery Delay,Low,Agent_06,72,1133
TKT-0284,2024-03-18 12:31,2024-03-21 01:35,Billing,Payment Issue,Low,Agent_14,72,771
TKT-0285,2024-01-20 13:16,2024-01-22 09:02,Technical,Login Issue,Medium,Agent_16,48,1840
TKT-0286,2024-02-04 12:00,2024-02-06 17:21,Customer Support,Inquiry,Medium,Agent_13,48,1835
TKT-0287,2024-04-20 10:19,2024-04-22 10:57,Billing,Refund Request,Medium,Agent_07,48,1911
TKT-0288,2024-03-22 12:47,2024-03-24 01:27,Customer Support,Inquiry,High,Agent_19,24,2502
TKT-0289,2024-04-10 13:07,2024-04-13 09:44,Billing,Refund Request,Low,Agent_06,72,1158
TKT-0290,2024-04-28 11:28,2024-04-29 11:21,Billing,Payment Issue,High,Agent_03,24,2709
TKT-0291,2024-02-05 12:15,2024-02-07 08:57,Billing,Refund Request,Medium,Agent_14,48,1357
TKT-0292,2024-06-02 15:37,2024-06-04 21:11,Billing,Payment Issue,Medium,Agent_14,48,1718
TKT-0293,2024-05-17 09:06,2024-05-19 04:48,Customer Support,Login Issue,Medium,Agent_12,48,1880
TKT-0294,2024-06-14 14:48,2024-06-16 16:38,Technical,System Error,Medium,Agent_04,48,1640
TKT-0295,2024-05-12 16:37,2024-05-15 16:05,Technical,Login Issue,Low,Agent_13,72,983
TKT-0296,2024-01-07 15:06,2024-01-10 23:32,Customer Support,Inquiry,Low,Agent_04,72,687
TKT-0297,2024-03-28 15:50,2024-03-31 13:23,Billing,Payment Issue,Low,Agent_12,72,1094
TKT-0298,2024-04-25 13:04,2024-04-27 12:06,Customer Support,Login Issue,Medium,Agent_04,48,1927
TKT-0299,2024-06-22 10:59,2024-06-24 06:32,Technical,Login Issue,Medium,Agent_18,48,1378
TKT-0300,2024-02-29 14:40,2024-03-01 09:51,Technical,Login Issue,High,Agent_14,24,2655
TKT-0301,2024-04-19 14:00,2024-04-21 07:13,Customer Support,Inquiry,Medium,Agent_03,48,1485
TKT-0302,2024-02-20 15:07,2024-02-23 19:49,Customer Support,Inquiry,Low,Agent_17,72,1101
TKT-0303,2024-06-05 14:37,2024-06-07 01:59,Operations,Delivery Delay,Medium,Agent_15,48,1560
TKT-0304,2024-05-31 09:43,2024-06-01 04:03,Customer Support,Login Issue,High,Agent_08,24,2120
TKT-0305,2024-02-06 16:24,2024-02-10 17:02,Technical,System Error,Low,Agent_19,72,741
TKT-0306,2024-05-17 10:35,2024-05-19 01:06,Customer Support,Inquiry,Medium,Agent_05,48,1495
TKT-0307,2024-04-01 08:31,2024-04-02 20:43,Technical,Login Issue,Medium,Agent_18,48,1593
TKT-0308,2024-05-05 14:45,2024-05-07 23:16,Customer Support,Login Issue,Medium,Agent_03,48,1371
TKT-0309,2024-03-11 11:34,2024-03-14 18:44,Customer Support,Inquiry,Low,Agent_15,72,1399
TKT-0310,2024-01-29 09:17,2024-02-01 00:09,Customer Support,Login Issue,Medium,Agent_18,48,1575
TKT-0311,2024-04-22 16:13,2024-04-23 19:19,Billing,Payment Issue,High,Agent_08,24,2753
TKT-0312,2024-03-30 09:28,2024-03-31 21:17,Technical,System Error,Medium,Agent_07,48,1442
TKT-0313,2024-06-05 14:10,2024-06-06 23:18,Billing,Refund Request,High,Agent_07,24,2211
TKT-0314,2024-06-01 16:10,2024-06-03 16:55,Billing,Refund Request,Medium,Agent_10,48,1499
TKT-0315,2024-04-15 08:17,2024-04-17 20:01,Customer Support,Inquiry,Low,Agent_08,72,735
TKT-0316,2024-06-22 14:31,2024-06-23 09:07,Technical,Login Issue,High,Agent_09,24,2647
TKT-0317,2024-06-11 09:25,2024-06-13 22:12,Customer Support,Login Issue,Medium,Agent_12,48,1484
TKT-0318,2024-01-01 09:46,2024-01-05 15:26,Customer Support,Login Issue,Low,Agent_12,72,1280
TKT-0319,2024-04-19 11:31,2024-04-22 16:51,Operations,Delivery Delay,Low,Agent_11,72,890
TKT-0320,2024-05-04 13:57,2024-05-07 13:45,Customer Support,Inquiry,Medium,Agent_02,48,1249
TKT-0321,2024-02-10 15:29,2024-02-12 10:56,Technical,Login Issue,Low,Agent_05,72,807
TKT-0322,2024-03-11 09:41,2024-03-15 02:57,Operations,Delivery Delay,Low,Agent_12,72,684
TKT-0323,2024-06-09 12:46,2024-06-12 13:13,Billing,Payment Issue,Low,Agent_03,72,1271
TKT-0324,2024-01-20 10:37,2024-01-23 10:10,Billing,Payment Issue,Low,Agent_15,72,1296
TKT-0325,2024-04-18 10:30,2024-04-19 02:44,Technical,Login Issue,High,Agent_03,24,2392
TKT-0326,2024-04-04 12:08,2024-04-08 07:57,Billing,Payment Issue,Low,Agent_05,72,1371
TKT-0327,2024-05-24 08:39,2024-05-27 01:07,Customer Support,Inquiry,Low,Agent_07,72,959
TKT-0328,2024-06-06 15:55,2024-06-07 12:00,Customer Support,Inquiry,High,Agent_05,24,2102
TKT-0329,2024-04-19 13:50,2024-04-22 02:05,Billing,Refund Request,Low,Agent_03,72,883
TKT-0330,2024-06-25 08:54,2024-06-26 20:50,Technical,Login Issue,High,Agent_07,24,2308
TKT-0331,2024-03-16 08:50,2024-03-18 04:21,Customer Support,Inquiry,Medium,Agent_04,48,1595
TKT-0332,2024-01-04 13:59,2024-01-06 14:07,Technical,System Error,Medium,Agent_19,48,1596
TKT-0333,2024-01-19 08:37,2024-01-20 00:37,Customer Support,Inquiry,High,Agent_07,24,2268
TKT-0334,2024-04-11 16:18,2024-04-13 03:03,Technical,System Error,High,Agent_14,24,2513
TKT-0335,2024-05-17 16:39,2024-05-20 06:56,Customer Support,Login Issue,Low,Agent_10,72,685
TKT-0336,2024-02-09 16:20,2024-02-10 18:57,Technical,System Error,High,Agent_03,24,2649
TKT-0337,2024-03-02 08:15,2024-03-03 18:14,Technical,Login Issue,Medium,Agent_04,48,1644
TKT-0338,2024-06-17 10:07,2024-06-19 06:52,Customer Support,Inquiry,Low,Agent_01,72,740
TKT-0339,2024-03-07 10:23,2024-03-08 23:10,Technical,Login Issue,Medium,Agent_09,48,1999
TKT-0340,2024-01-08 13:51,2024-01-09 17:08,Billing,Payment Issue,High,Agent_03,24,2536
TKT-0341,2024-05-10 13:03,2024-05-13 00:57,Technical,System Error,Medium,Agent_06,48,1780
TKT-0342,2024-05-26 09:14,2024-05-27 15:14,Customer Support,Login Issue,High,Agent_01,24,2045
TKT-0343,2024-02-08 10:59,2024-02-10 10:34,Technical,Login Issue,Low,Agent_14,72,1331
TKT-0344,2024-03-22 12:52,2024-03-23 21:28,Technical,System Error,Medium,Agent_04,48,1581
TKT-0345,2024-05-12 08:25,2024-05-14 12:21,Customer Support,Inquiry,Low,Agent_10,72,1076
TKT-0346,2024-05-21 15:00,2024-05-25 09:12,Billing,Refund Request,Low,Agent_19,72,898
TKT-0347,2024-05-31 15:49,2024-06-02 08:35,Billing,Payment Issue,Medium,Agent_08,48,1759
TKT-0348,2024-05-18 13:40,2024-05-20 10:01,Technical,Login Issue,Low,Agent_13,72,601
TKT-0349,2024-05-15 11:26,2024-05-19 20:29,Billing,Refund Request,Low,Agent_09,72,745
TKT-0350,2024-05-13 14:44,2024-05-14 16:13,Technical,System Error,High,Agent_03,24,2765
TKT-0351,2024-04-10 09:37,2024-04-13 01:40,Customer Support,Inquiry,Medium,Agent_05,48,1645
TKT-0352,2024-04-10 13:20,2024-04-11 17:37,Technical,Login Issue,High,Agent_03,24,2239
TKT-0353,2024-05-29 09:09,2024-05-30 02:19,Operations,Delivery Delay,High,Agent_15,24,2460
TKT-0354,2024-02-23 15:19,2024-02-26 00:35,Technical,System Error,Medium,Agent_03,48,1322
TKT-0355,2024-06-27 08:13,2024-06-28 08:22,Technical,Login Issue,High,Agent_08,24,2093
TKT-0356,2024-06-22 12:16,2024-06-24 03:17,Operations,Delivery Delay,Medium,Agent_15,48,1614
TKT-0357,2024-01-27 10:07,2024-01-29 06:10,Customer Support,Inquiry,Low,Agent_08,72,1399
TKT-0358,2024-06-10 09:37,2024-06-13 14:35,Technical,Login Issue,Low,Agent_01,72,676
TKT-0359,2024-04-23 10:05,2024-04-24 10:12,Operations,Delivery Delay,High,Agent_15,24,2043
TKT-0360,2024-04-11 15:01,2024-04-12 17:44,Technical,Login Issue,High,Agent_06,24,2436
TKT-0361,2024-04-24 10:02,2024-04-27 12:43,Customer Support,Inquiry,Low,Agent_16,72,902
TKT-0362,2024-03-12 14:08,2024-03-16 14:20,Customer Support,Login Issue,Low,Agent_17,72,1258
TKT-0363,2024-04-01 15:34,2024-04-02 20:56,Technical,System Error,High,Agent_17,24,2579
TKT-0364,2024-03-22 11:01,2024-03-25 17:04,Technical,Login Issue,Low,Agent_17,72,1083
TKT-0365,2024-01-26 11:42,2024-01-27 08:59,Customer Support,Inquiry,High,Agent_02,24,2546
TKT-0366,2024-04-09 13:59,2024-04-11 05:10,Billing,Payment Issue,Medium,Agent_19,48,1442
TKT-0367,2024-01-08 13:36,2024-01-09 21:45,Technical,Login Issue,High,Agent_07,24,2576
TKT-0368,2024-02-14 15:02,2024-02-16 00:05,Billing,Refund Request,Medium,Agent_20,48,1438
TKT-0369,2024-06-06 11:51,2024-06-08 23:12,Technical,Login Issue,Low,Agent_06,72,1334
TKT-0370,2024-02-07 10:49,2024-02-09 20:43,Operations,Delivery Delay,Low,Agent_12,72,1138
TKT-0371,2024-06-18 14:37,2024-06-20 00:58,Operations,Delivery Delay,Medium,Agent_11,48,1509
TKT-0372,2024-04-21 15:41,2024-04-23 15:52,Technical,System Error,Medium,Agent_18,48,1924
TKT-0373,2024-05-30 10:24,2024-06-02 21:10,Billing,Refund Request,Low,Agent_10,72,1305
TKT-0374,2024-05-26 14:54,2024-05-27 22:56,Technical,System Error,High,Agent_20,24,2186
TKT-0375,2024-01-27 15:09,2024-01-29 16:56,Technical,System Error,Medium,Agent_08,48,1279
TKT-0376,2024-01-23 13:28,2024-01-25 09:44,Technical,Login Issue,Low,Agent_08,72,814
TKT-0377,2024-01-28 08:03,2024-02-01 04:31,Billing,Refund Request,Low,Agent_14,72,1350
TKT-0378,2024-04-06 13:34,2024-04-08 17:40,Operations,Delivery Delay,Medium,Agent_19,48,1690
TKT-0379,2024-01-19 08:18,2024-01-21 05:38,Billing,Payment Issue,Low,Agent_04,72,867
TKT-0380,2024-02-11 09:35,2024-02-12 01:56,Technical,System Error,High,Agent_20,24,2608
TKT-0381,2024-06-16 10:38,2024-06-18 17:48,Operations,Delivery Delay,Medium,Agent_04,48,1254
TKT-0382,2024-05-21 16:16,2024-05-24 14:34,Technical,System Error,Medium,Agent_08,48,1504
TKT-0383,2024-05-05 10:03,2024-05-07 13:03,Technical,Login Issue,Medium,Agent_03,48,1637
TKT-0384,2024-01-07 11:10,2024-01-10 19:15,Technical,Login Issue,Low,Agent_04,72,1084
TKT-0385,2024-06-18 12:05,2024-06-21 09:39,Technical,Login Issue,Medium,Agent_06,48,1596
TKT-0386,2024-04-24 08:16,2024-04-28 11:45,Customer Support,Login Issue,Low,Agent_08,72,869
TKT-0387,2024-06-27 09:05,2024-07-01 00:56,Billing,Payment Issue,Low,Agent_14,72,1154
TKT-0388,2024-04-09 16:26,2024-04-12 07:09,Operations,Delivery Delay,Medium,Agent_19,48,1686
TKT-0389,2024-04-11 08:32,2024-04-13 21:39,Operations,Delivery Delay,Low,Agent_15,72,1375
TKT-0390,2024-02-19 10:02,2024-02-20 13:07,Technical,System Error,High,Agent_14,24,2699
TKT-0391,2024-03-07 13:58,2024-03-08 06:03,Technical,System Error,High,Agent_18,24,2397
TKT-0392,2024-05-13 15:58,2024-05-14 06:48,Customer Support,Login Issue,High,Agent_20,24,2717
TKT-0393,2024-02-08 10:36,2024-02-10 18:35,Customer Support,Login Issue,Low,Agent_19,72,708
TKT-0394,2024-03-29 14:16,2024-03-30 16:57,Billing,Refund Request,High,Agent_19,24,2497
TKT-0395,2024-04-13 10:39,2024-04-17 08:41,Customer Support,Inquiry,Low,Agent_11,72,1005
TKT-0396,2024-03-09 13:01,2024-03-11 14:53,Billing,Payment Issue,Medium,Agent_10,48,1510
TKT-0397,2024-06-24 09:55,2024-06-25 07:03,Technical,Login Issue,High,Agent_15,24,2307
TKT-0398,2024-04-16 09:12,2024-04-20 12:25,Billing,Refund Request,Low,Agent_16,72,1016
TKT-0399,2024-05-11 10:04,2024-05-12 09:49,Billing,Refund Request,High,Agent_13,24,2518
TKT-0400,2024-02-21 08:15,2024-02-23 07:44,Technical,System Error,Low,Agent_12,72,651
TKT-0401,2024-04-28 16:25,2024-05-01 03:08,Billing,Refund Request,Low,Agent_08,72,631
TKT-0402,2024-05-01 16:22,2024-05-05 07:32,Customer Support,Login Issue,Low,Agent_03,72,864
TKT-0403,2024-05-26 11:54,2024-05-29 11:35,Technical,Login Issue,Low,Agent_07,72,830
TKT-0404,2024-06-23 08:30,2024-06-24 21:11,Technical,Login Issue,Medium,Agent_20,48,1377
TKT-0405,2024-03-19 12:27,2024-03-23 08:21,Billing,Payment Issue,Low,Agent_15,72,957
TKT-0406,2024-05-13 14:37,2024-05-15 22:37,Technical,Login Issue,Low,Agent_12,72,1123
TKT-0407,2024-01-28 15:04,2024-02-01 05:21,Customer Support,Login Issue,Low,Agent_11,72,1255
TKT-0408,2024-06-15 12:12,2024-06-17 01:45,Operations,Delivery Delay,Medium,Agent_08,48,1983
TKT-0409,2024-06-23 10:46,2024-06-24 16:27,Operations,Delivery Delay,Medium,Agent_10,48,1709
TKT-0410,2024-01-10 11:21,2024-01-12 06:04,Technical,Login Issue,Medium,Agent_16,48,1747
TKT-0411,2024-02-13 16:11,2024-02-15 14:17,Operations,Delivery Delay,Medium,Agent_05,48,1682
TKT-0412,2024-03-26 09:14,2024-03-27 10:28,Billing,Payment Issue,High,Agent_10,24,2762
TKT-0413,2024-05-29 12:29,2024-05-31 22:59,Customer Support,Login Issue,Low,Agent_19,72,654
TKT-0414,2024-02-19 16:07,2024-02-22 15:31,Customer Support,Inquiry,Medium,Agent_10,48,1742
TKT-0415,2024-02-21 13:26,2024-02-25 18:35,Customer Support,Inquiry,Low,Agent_06,72,923
TKT-0416,2024-02-15 13:40,2024-02-17 15:40,Billing,Refund Request,Low,Agent_09,72,1062
TKT-0417,2024-02-10 15:50,2024-02-12 00:58,Technical,System Error,Medium,Agent_14,48,1829
TKT-0418,2024-05-02 14:00,2024-05-03 20:34,Customer Support,Login Issue,Medium,Agent_12,48,1404
TKT-0419,2024-05-15 11:01,2024-05-16 22:01,Operations,Delivery Delay,High,Agent_08,24,2641
TKT-0420,2024-01-27 14:32,2024-01-31 00:42,Technical,Login Issue,Low,Agent_02,72,666
TKT-0421,2024-05-13 16:21,2024-05-16 00:17,Technical,Login Issue,Medium,Agent_05,48,1903
TKT-0422,2024-02-18 10:58,2024-02-22 08:59,Technical,Login Issue,Low,Agent_08,72,833
TKT-0423,2024-01-06 16:10,2024-01-09 02:33,Billing,Payment Issue,Low,Agent_02,72,1328
TKT-0424,2024-06-08 08:38,2024-06-09 00:20,Customer Support,Login Issue,High,Agent_01,24,2110
TKT-0425,2024-04-07 09:35,2024-04-09 06:05,Technical,System Error,Medium,Agent_05,48,1918
TKT-0426,2024-06-18 09:42,2024-06-21 15:21,Technical,System Error,Low,Agent_05,72,1220
TKT-0427,2024-06-07 09:18,2024-06-08 21:08,Customer Support,Inquiry,Medium,Agent_16,48,1308
TKT-0428,2024-05-13 11:22,2024-05-14 23:48,Technical,System Error,High,Agent_06,24,2302
TKT-0429,2024-06-25 15:21,2024-06-26 12:21,Technical,Login Issue,High,Agent_03,24,2013
TKT-0430,2024-01-24 16:04,2024-01-27 00:01,Operations,Delivery Delay,Low,Agent_08,72,862
TKT-0431,2024-01-13 09:52,2024-01-16 03:47,Customer Support,Login Issue,Low,Agent_10,72,640
TKT-0432,2024-01-30 09:54,2024-01-31 15:54,Customer Support,Login Issue,Medium,Agent_06,48,1341
TKT-0433,2024-03-09 09:23,2024-03-10 09:34,Technical,Login Issue,High,Agent_13,24,2116
TKT-0434,2024-04-08 15:51,2024-04-12 16:32,Customer Support,Login Issue,Low,Agent_04,72,770
TKT-0435,2024-02-10 09:26,2024-02-11 17:56,Technical,System Error,High,Agent_15,24,2582
TKT-0436,2024-06-05 08:55,2024-06-06 20:51,Technical,Login Issue,High,Agent_05,24,2744
TKT-0437,2024-04-15 15:02,2024-04-17 18:18,Customer Support,Login Issue,Low,Agent_11,72,1270
TKT-0438,2024-06-20 13:33,2024-06-21 20:17,Technical,System Error,High,Agent_20,24,2717
TKT-0439,2024-06-18 14:09,2024-06-21 06:06,Technical,System Error,Medium,Agent_02,48,1827
TKT-0440,2024-04-30 15:55,2024-05-02 05:59,Technical,System Error,Medium,Agent_16,48,1969
TKT-0441,2024-01-13 16:14,2024-01-14 23:55,Technical,Login Issue,High,Agent_13,24,2387
TKT-0442,2024-05-26 15:05,2024-05-29 02:33,Billing,Payment Issue,Medium,Agent_04,48,1523
TKT-0443,2024-04-15 08:35,2024-04-17 04:27,Operations,Delivery Delay,Low,Agent_20,72,693
TKT-0444,2024-05-23 11:41,2024-05-24 23:10,Operations,Delivery Delay,High,Agent_12,24,2349
TKT-0445,2024-03-25 16:49,2024-03-27 02:27,Billing,Payment Issue,High,Agent_12,24,2484
TKT-0446,2024-06-17 11:00,2024-06-21 01:22,Billing,Payment Issue,Low,Agent_10,72,1248
TKT-0447,2024-01-12 10:31,2024-01-13 23:23,Customer Support,Login Issue,Medium,Agent_14,48,1934
TKT-0448,2024-04-10 11:29,2024-04-13 07:14,Technical,System Error,Low,Agent_04,72,946
TKT-0449,2024-06-21 09:49,2024-06-22 14:18,Billing,Payment Issue,High,Agent_19,24,2674
TKT-0450,2024-01-02 16:47,2024-01-03 08:22,Operations,Delivery Delay,High,Agent_19,24,2443
TKT-0451,2024-02-14 10:06,2024-02-16 14:48,Customer Support,Inquiry,Medium,Agent_20,48,1814
TKT-0452,2024-06-04 11:17,2024-06-06 16:38,Operations,Delivery Delay,Medium,Agent_15,48,1501
TKT-0453,2024-06-28 16:19,2024-07-01 16:54,Billing,Payment Issue,Medium,Agent_18,48,1521
TKT-0454,2024-03-15 13:58,2024-03-18 01:43,Customer Support,Inquiry,Low,Agent_06,72,1265
TKT-0455,2024-03-31 16:30,2024-04-03 10:06,Customer Support,Login Issue,Medium,Agent_14,48,1883
TKT-0456,2024-04-18 08:33,2024-04-19 01:34,Billing,Refund Request,High,Agent_05,24,2390
TKT-0457,2024-02-11 12:43,2024-02-14 15:52,Technical,System Error,Low,Agent_10,72,663
TKT-0458,2024-04-25 09:39,2024-04-28 09:26,Technical,System Error,Low,Agent_18,72,1262
TKT-0459,2024-01-13 14:24,2024-01-15 21:14,Customer Support,Login Issue,Medium,Agent_11,48,1901
TKT-0460,2024-03-05 11:39,2024-03-09 15:32,Operations,Delivery Delay,Low,Agent_12,72,830
TKT-0461,2024-02-19 12:28,2024-02-20 08:11,Billing,Payment Issue,High,Agent_06,24,2076
TKT-0462,2024-04-19 12:35,2024-04-22 16:43,Operations,Delivery Delay,Low,Agent_19,72,764
TKT-0463,2024-02-09 08:09,2024-02-12 20:47,Billing,Payment Issue,Low,Agent_20,72,652
TKT-0464,2024-05-26 16:22,2024-05-28 01:12,Billing,Refund Request,Medium,Agent_11,48,1924
TKT-0465,2024-05-09 10:26,2024-05-12 01:00,Customer Support,Inquiry,Medium,Agent_03,48,1613
TKT-0466,2024-03-25 13:18,2024-03-27 07:06,Technical,System Error,Medium,Agent_17,48,1833
TKT-0467,2024-03-29 15:15,2024-04-01 17:17,Customer Support,Inquiry,Low,Agent_11,72,1298
TKT-0468,2024-05-18 12:01,2024-05-22 06:33,Customer Support,Inquiry,Low,Agent_15,72,1120
TKT-0469,2024-02-19 13:32,2024-02-20 05:38,Customer Support,Login Issue,High,Agent_18,24,2171
TKT-0470,2024-06-10 11:55,2024-06-14 13:48,Customer Support,Inquiry,Low,Agent_07,72,706
TKT-0471,2024-01-19 10:01,2024-01-21 19:46,Customer Support,Login Issue,Medium,Agent_02,48,1539
TKT-0472,2024-03-05 16:04,2024-03-08 17:02,Technical,System Error,Low,Agent_14,72,864
TKT-0473,2024-01-05 14:43,2024-01-07 02:17,Customer Support,Login Issue,Medium,Agent_20,48,1206
TKT-0474,2024-01-19 13:59,2024-01-22 02:05,Technical,System Error,Medium,Agent_10,48,1496
TKT-0475,2024-04-22 14:25,2024-04-24 01:26,Customer Support,Login Issue,High,Agent_06,24,2485
TKT-0476,2024-05-19 12:40,2024-05-21 01:59,Customer Support,Inquiry,Medium,Agent_12,48,1893
TKT-0477,2024-05-22 10:07,2024-05-23 16:07,Operations,Delivery Delay,Medium,Agent_20,48,1786
TKT-0478,2024-03-29 11:26,2024-04-02 23:35,Customer Support,Inquiry,Low,Agent_06,72,764
TKT-0479,2024-02-16 08:54,2024-02-20 15:35,Technical,Login Issue,Low,Agent_03,72,1162
TKT-0480,2024-02-20 15:21,2024-02-24 07:29,Technical,System Error,Low,Agent_08,72,1287
TKT-0481,2024-03-22 15:28,2024-03-23 16:07,Technical,System Error,High,Agent_10,24,2675
TKT-0482,2024-04-03 13:27,2024-04-05 03:27,Billing,Payment Issue,Medium,Agent_08,48,1520
TKT-0483,2024-04-02 10:43,2024-04-06 00:39,Billing,Refund Request,Low,Agent_15,72,1091
TKT-0484,2024-01-28 10:41,2024-01-31 04:46,Customer Support,Login Issue,Medium,Agent_05,48,1487
TKT-0485,2024-06-09 09:46,2024-06-11 14:43,Operations,Delivery Delay,Low,Agent_17,72,619
TKT-0486,2024-02-24 08:35,2024-02-25 07:09,Customer Support,Login Issue,High,Agent_16,24,2552
TKT-0487,2024-02-27 12:08,2024-03-02 18:40,Billing,Payment Issue,Low,Agent_03,72,1122
TKT-0488,2024-06-06 10:48,2024-06-08 22:56,Customer Support,Inquiry,Medium,Agent_06,48,1656
TKT-0489,2024-05-03 13:02,2024-05-05 07:50,Technical,System Error,Medium,Agent_08,48,1699
TKT-0490,2024-06-20 11:33,2024-06-24 04:57,Technical,Login Issue,Low,Agent_15,72,1080
TKT-0491,2024-03-23 09:45,2024-03-24 16:25,Operations,Delivery Delay,High,Agent_09,24,2280
TKT-0492,2024-04-06 13:37,2024-04-08 18:10,Customer Support,Inquiry,Low,Agent_13,72,857
TKT-0493,2024-03-31 13:31,2024-04-03 00:27,Operations,Delivery Delay,Medium,Agent_01,48,1818
TKT-0494,2024-02-28 09:32,2024-03-02 06:49,Customer Support,Inquiry,Medium,Agent_05,48,1416
TKT-0495,2024-01-31 11:26,2024-02-02 13:12,Technical,Login Issue,Medium,Agent_16,48,1316
TKT-0496,2024-02-11 14:01,2024-02-14 16:03,Billing,Refund Request,Low,Agent_19,72,730
TKT-0497,2024-01-11 10:03,2024-01-13 00:19,Customer Support,Inquiry,Medium,Agent_17,48,1384
TKT-0498,2024-06-18 12:05,2024-06-19 08:33,Operations,Delivery Delay,High,Agent_16,24,2621
TKT-0499,2024-04-15 10:50,2024-04-18 05:29,Operations,Delivery Delay,Low,Agent_17,72,1275
TKT-0500,2024-06-01 09:14,2024-06-02 11:38,Technical,Login Issue,High,Agent_04,24,2135
TKT-0501,2024-06-04 09:11,2024-06-05 15:08,Technical,Login Issue,High,Agent_20,24,2629
TKT-0502,2024-06-17 10:57,2024-06-19 06:54,Technical,System Error,Low,Agent_14,72,1393
TKT-0503,2024-06-27 16:27,2024-06-28 14:18,Customer Support,Login Issue,High,Agent_13,24,2493
TKT-0504,2024-03-06 15:49,2024-03-08 10:47,Customer Support,Inquiry,Medium,Agent_10,48,1285
TKT-0505,2024-01-02 08:36,2024-01-04 19:09,Customer Support,Login Issue,Low,Agent_13,72,607
TKT-0506,2024-01-28 10:27,2024-01-31 08:04,Billing,Refund Request,Medium,Agent_09,48,1459
TKT-0507,2024-06-05 12:43,2024-06-07 18:31,Operations,Delivery Delay,Medium,Agent_14,48,1408
TKT-0508,2024-05-23 16:30,2024-05-26 19:49,Customer Support,Login Issue,Low,Agent_12,72,1191
TKT-0509,2024-06-17 09:47,2024-06-19 04:15,Billing,Refund Request,Medium,Agent_06,48,1916
TKT-0510,2024-05-20 08:10,2024-05-21 10:50,Technical,Login Issue,High,Agent_03,24,2005
TKT-0511,2024-04-21 09:04,2024-04-22 07:18,Billing,Refund Request,High,Agent_03,24,2379
TKT-0512,2024-04-12 16:18,2024-04-14 04:56,Customer Support,Login Issue,High,Agent_06,24,2058
TKT-0513,2024-06-17 16:18,2024-06-20 11:20,Customer Support,Login Issue,Low,Agent_17,72,1213
TKT-0514,2024-06-21 08:23,2024-06-23 04:04,Customer Support,Inquiry,Medium,Agent_06,48,1200
TKT-0515,2024-03-31 14:25,2024-04-01 22:37,Technical,Login Issue,High,Agent_01,24,2530
TKT-0516,2024-05-20 12:46,2024-05-21 20:44,Billing,Payment Issue,High,Agent_12,24,2596
TKT-0517,2024-02-19 15:59,2024-02-23 14:35,Technical,Login Issue,Low,Agent_09,72,604
TKT-0518,2024-05-08 12:21,2024-05-10 00:12,Technical,System Error,Medium,Agent_09,48,1725
TKT-0519,2024-04-06 15:49,2024-04-08 11:37,Operations,Delivery Delay,Medium,Agent_15,48,1547
TKT-0520,2024-03-07 09:24,2024-03-10 06:14,Billing,Payment Issue,Medium,Agent_08,48,1425
TKT-0521,2024-05-12 16:00,2024-05-14 04:53,Billing,Refund Request,High,Agent_08,24,2269
TKT-0522,2024-03-28 09:35,2024-03-30 01:05,Technical,Login Issue,Medium,Agent_12,48,1521
TKT-0523,2024-06-23 11:31,2024-06-26 07:46,Technical,Login Issue,Low,Agent_08,72,1353
TKT-0524,2024-03-04 13:09,2024-03-06 21:16,Operations,Delivery Delay,Low,Agent_16,72,680
TKT-0525,2024-04-05 13:31,2024-04-06 22:26,Customer Support,Inquiry,High,Agent_16,24,2281
TKT-0526,2024-05-27 10:03,2024-05-31 11:33,Technical,Login Issue,Low,Agent_02,72,1153
TKT-0527,2024-02-14 15:07,2024-02-16 03:40,Customer Support,Login Issue,High,Agent_11,24,2471
TKT-0528,2024-04-07 09:20,2024-04-09 12:59,Billing,Payment Issue,Medium,Agent_06,48,1465
TKT-0529,2024-06-05 13:23,2024-06-08 07:54,Customer Support,Inquiry,Low,Agent_07,72,1034
TKT-0530,2024-04-12 12:28,2024-04-15 07:04,Customer Support,Login Issue,Low,Agent_19,72,734
TKT-0531,2024-03-01 16:27,2024-03-03 20:39,Billing,Payment Issue,Medium,Agent_05,48,1349
TKT-0532,2024-05-07 10:57,2024-05-10 22:47,Customer Support,Inquiry,Low,Agent_10,72,1098
TKT-0533,2024-06-25 10:03,2024-06-28 08:55,Technical,System Error,Low,Agent_16,72,860
TKT-0534,2024-03-26 12:23,2024-03-28 15:58,Billing,Payment Issue,Medium,Agent_09,48,1770
TKT-0535,2024-06-22 11:36,2024-06-25 05:25,Technical,Login Issue,Low,Agent_12,72,891
TKT-0536,2024-04-24 09:24,2024-04-25 18:42,Technical,Login Issue,High,Agent_05,24,2474
TKT-0537,2024-06-05 14:54,2024-06-06 22:59,Operations,Delivery Delay,Medium,Agent_11,48,1365
TKT-0538,2024-03-09 14:17,2024-03-11 23:06,Technical,Login Issue,Medium,Agent_19,48,1571
TKT-0539,2024-02-17 08:08,2024-02-19 03:50,Customer Support,Login Issue,Medium,Agent_03,48,1457
TKT-0540,2024-01-17 15:35,2024-01-19 16:36,Technical,Login Issue,Low,Agent_13,72,1389
TKT-0541,2024-06-07 10:05,2024-06-11 06:24,Customer Support,Inquiry,Low,Agent_08,72,834
TKT-0542,2024-02-03 16:53,2024-02-05 06:54,Billing,Refund Request,Medium,Agent_12,48,1235
TKT-0543,2024-04-29 16:59,2024-04-30 15:34,Operations,Delivery Delay,High,Agent_05,24,2455
TKT-0544,2024-04-26 14:33,2024-04-29 11:13,Operations,Delivery Delay,Medium,Agent_10,48,1746
TKT-0545,2024-01-23 15:19,2024-01-25 18:45,Operations,Delivery Delay,Medium,Agent_05,48,1466
TKT-0546,2024-02-04 13:18,2024-02-06 23:52,Technical,System Error,Medium,Agent_16,48,1208
TKT-0547,2024-04-20 12:38,2024-04-23 13:28,Operations,Delivery Delay,Low,Agent_18,72,607
TKT-0548,2024-04-21 14:15,2024-04-22 10:00,Customer Support,Login Issue,High,Agent_13,24,2754
TKT-0549,2024-04-18 11:33,2024-04-21 16:51,Billing,Payment Issue,Low,Agent_18,72,1264
TKT-0550,2024-01-18 10:08,2024-01-21 18:15,Billing,Refund Request,Low,Agent_15,72,1252
TKT-0551,2024-05-05 11:20,2024-05-06 16:29,Customer Support,Login Issue,Medium,Agent_18,48,1250
TKT-0552,2024-02-02 15:46,2024-02-04 12:00,Technical,System Error,Low,Agent_05,72,692
TKT-0553,2024-03-20 15:23,2024-03-24 22:07,Technical,System Error,Low,Agent_11,72,632
TKT-0554,2024-04-10 09:34,2024-04-14 16:45,Technical,System Error,Low,Agent_09,72,796
TKT-0555,2024-03-04 14:49,2024-03-08 18:04,Billing,Payment Issue,Low,Agent_02,72,1355
TKT-0556,2024-02-23 15:24,2024-02-26 14:43,Technical,System Error,Medium,Agent_06,48,1530
TKT-0557,2024-05-20 16:07,2024-05-22 12:37,Customer Support,Inquiry,Medium,Agent_10,48,1853
TKT-0558,2024-02-25 09:15,2024-02-26 19:42,Technical,System Error,High,Agent_01,24,2332
TKT-0559,2024-04-11 11:00,2024-04-12 17:37,Technical,Login Issue,Medium,Agent_16,48,1907
TKT-0560,2024-01-23 11:10,2024-01-27 21:15,Billing,Payment Issue,Low,Agent_20,72,1302
TKT-0561,2024-06-14 10:44,2024-06-16 18:52,Technical,System Error,Low,Agent_08,72,1099
TKT-0562,2024-04-22 11:01,2024-04-23 23:25,Technical,Login Issue,High,Agent_05,24,2366
TKT-0563,2024-04-22 16:18,2024-04-25 07:02,Technical,System Error,Medium,Agent_07,48,1701
TKT-0564,2024-04-29 12:55,2024-05-02 03:59,Customer Support,Login Issue,Low,Agent_05,72,1143
TKT-0565,2024-04-26 08:49,2024-04-29 05:21,Customer Support,Login Issue,Medium,Agent_06,48,1588
TKT-0566,2024-03-02 13:46,2024-03-03 06:28,Operations,Delivery Delay,High,Agent_13,24,2551
TKT-0567,2024-02-09 12:20,2024-02-10 16:01,Technical,Login Issue,High,Agent_04,24,2329
TKT-0568,2024-02-03 10:55,2024-02-05 10:07,Technical,System Error,Low,Agent_16,72,709
TKT-0569,2024-04-09 15:33,2024-04-12 11:17,Technical,System Error,Medium,Agent_09,48,1804
TKT-0570,2024-01-19 08:59,2024-01-21 02:40,Technical,System Error,Medium,Agent_03,48,1703
TKT-0571,2024-04-16 13:50,2024-04-18 16:42,Customer Support,Inquiry,Low,Agent_09,72,1231
TKT-0572,2024-01-20 11:33,2024-01-21 04:39,Customer Support,Inquiry,High,Agent_08,24,2742
TKT-0573,2024-06-17 11:36,2024-06-20 05:11,Customer Support,Inquiry,Low,Agent_18,72,1367
TKT-0574,2024-05-27 13:43,2024-05-28 18:27,Customer Support,Inquiry,High,Agent_14,24,2681
TKT-0575,2024-05-20 14:32,2024-05-21 15:14,Operations,Delivery Delay,High,Agent_18,24,2161
TKT-0576,2024-03-21 16:20,2024-03-22 17:46,Operations,Delivery Delay,High,Agent_14,24,2782
TKT-0577,2024-05-24 16:13,2024-05-26 21:02,Billing,Refund Request,Medium,Agent_09,48,1763
TKT-0578,2024-04-11 08:46,2024-04-12 15:04,Customer Support,Login Issue,Medium,Agent_01,48,1810
TKT-0579,2024-02-26 11:54,2024-02-29 22:55,Customer Support,Login Issue,Low,Agent_09,72,1390
TKT-0580,2024-04-27 13:09,2024-04-30 01:25,Operations,Delivery Delay,Low,Agent_19,72,975
TKT-0581,2024-01-24 14:36,2024-01-25 11:22,Technical,Login Issue,High,Agent_11,24,2079
TKT-0582,2024-06-25 09:38,2024-06-28 06:57,Billing,Payment Issue,Medium,Agent_19,48,1238
TKT-0583,2024-03-26 13:56,2024-03-27 17:22,Customer Support,Inquiry,High,Agent_08,24,2123
TKT-0584,2024-06-10 14:03,2024-06-12 13:36,Billing,Payment Issue,Medium,Agent_11,48,1242
TKT-0585,2024-06-27 11:09,2024-06-29 12:52,Customer Support,Inquiry,Low,Agent_13,72,1349
TKT-0586,2024-03-15 14:09,2024-03-18 01:30,Operations,Delivery Delay,Low,Agent_16,72,684
TKT-0587,2024-03-08 09:25,2024-03-10 21:52,Customer Support,Inquiry,Medium,Agent_05,48,1992
TKT-0588,2024-05-04 14:41,2024-05-07 06:53,Billing,Refund Request,Medium,Agent_20,48,1774
TKT-0589,2024-03-09 14:20,2024-03-11 20:27,Operations,Delivery Delay,Low,Agent_14,72,1287
TKT-0590,2024-03-29 08:49,2024-04-01 18:59,Customer Support,Login Issue,Low,Agent_20,72,958
TKT-0591,2024-04-22 08:59,2024-04-24 03:11,Billing,Refund Request,Medium,Agent_12,48,1901
TKT-0592,2024-01-14 11:39,2024-01-17 01:34,Technical,System Error,Low,Agent_01,72,894
TKT-0593,2024-04-30 08:21,2024-05-03 06:08,Technical,System Error,Low,Agent_07,72,1150
TKT-0594,2024-06-08 10:44,2024-06-11 11:26,Technical,Login Issue,Medium,Agent_13,48,1218
TKT-0595,2024-01-16 12:12,2024-01-19 17:15,Customer Support,Inquiry,Low,Agent_01,72,1076
TKT-0596,2024-06-17 13:55,2024-06-18 23:56,Technical,Login Issue,Medium,Agent_13,48,1499
TKT-0597,2024-01-26 13:31,2024-01-29 08:05,Technical,Login Issue,Medium,Agent_06,48,1290
TKT-0598,2024-01-06 08:15,2024-01-08 21:34,Technical,Login Issue,Medium,Agent_16,48,1541
TKT-0599,2024-06-24 13:22,2024-06-27 22:37,Customer Support,Inquiry,Low,Agent_09,72,1113
TKT-0600,2024-01-08 16:17,2024-01-09 13:26,Billing,Refund Request,High,Agent_13,24,2349
TKT-0601,2024-05-13 11:26,2024-05-15 07:02,Billing,Payment Issue,Medium,Agent_14,48,1356
TKT-0602,2024-02-03 11:41,2024-02-05 00:18,Operations,Delivery Delay,Medium,Agent_07,48,1754
TKT-0603,2024-05-14 10:27,2024-05-16 00:08,Operations,Delivery Delay,Medium,Agent_06,48,1778
TKT-0604,2024-02-07 08:48,2024-02-10 20:44,Technical,System Error,Low,Agent_14,72,1023
TKT-0605,2024-02-18 09:08,2024-02-21 03:09,Technical,Login Issue,Low,Agent_20,72,1380
TKT-0606,2024-02-29 08:22,2024-03-01 18:06,Customer Support,Inquiry,Medium,Agent_16,48,1998
TKT-0607,2024-04-05 10:54,2024-04-07 15:25,Technical,Login Issue,Medium,Agent_05,48,1685
TKT-0608,2024-01-04 12:26,2024-01-07 12:13,Technical,System Error,Low,Agent_07,72,1287
TKT-0609,2024-04-22 15:44,2024-04-26 04:39,Billing,Payment Issue,Low,Agent_08,72,1068
TKT-0610,2024-04-07 13:25,2024-04-10 09:12,Customer Support,Inquiry,Medium,Agent_20,48,1785
TKT-0611,2024-04-25 15:52,2024-04-26 22:48,Customer Support,Inquiry,Medium,Agent_17,48,1451
TKT-0612,2024-05-12 08:12,2024-05-14 06:40,Customer Support,Inquiry,Medium,Agent_10,48,1607
TKT-0613,2024-04-18 12:39,2024-04-19 20:23,Billing,Refund Request,Medium,Agent_05,48,1729
TKT-0614,2024-05-08 09:11,2024-05-10 21:36,Customer Support,Login Issue,Low,Agent_11,72,1023
TKT-0615,2024-02-21 15:05,2024-02-23 11:25,Customer Support,Inquiry,Medium,Agent_06,48,1908
TKT-0616,2024-06-29 15:40,2024-07-03 08:45,Billing,Payment Issue,Low,Agent_13,72,1136
TKT-0617,2024-04-07 08:49,2024-04-10 01:47,Billing,Payment Issue,Low,Agent_19,72,943
TKT-0618,2024-02-07 10:49,2024-02-09 12:15,Operations,Delivery Delay,Low,Agent_10,72,915
TKT-0619,2024-02-16 09:57,2024-02-18 21:09,Billing,Refund Request,Low,Agent_20,72,603
TKT-0620,2024-05-07 16:51,2024-05-08 21:29,Billing,Payment Issue,Medium,Agent_08,48,1705
TKT-0621,2024-04-23 09:38,2024-04-26 03:38,Technical,Login Issue,Medium,Agent_18,48,1450
TKT-0622,2024-02-07 08:41,2024-02-10 23:43,Technical,System Error,Low,Agent_02,72,748
TKT-0623,2024-01-23 08:06,2024-01-27 08:17,Billing,Refund Request,Low,Agent_10,72,765
TKT-0624,2024-05-28 13:59,2024-05-29 05:04,Customer Support,Inquiry,High,Agent_10,24,2786
TKT-0625,2024-04-19 16:04,2024-04-20 15:34,Technical,Login Issue,High,Agent_04,24,2137
TKT-0626,2024-04-15 16:13,2024-04-18 13:52,Billing,Refund Request,Low,Agent_04,72,659
TKT-0627,2024-06-25 12:27,2024-06-28 07:21,Customer Support,Inquiry,Medium,Agent_09,48,1524
TKT-0628,2024-06-06 15:33,2024-06-08 02:04,Customer Support,Login Issue,High,Agent_06,24,2504
TKT-0629,2024-02-19 08:07,2024-02-20 13:36,Operations,Delivery Delay,Medium,Agent_04,48,1840
TKT-0630,2024-04-16 14:02,2024-04-17 14:24,Billing,Payment Issue,High,Agent_07,24,2573
TKT-0631,2024-03-06 09:19,2024-03-08 08:51,Technical,System Error,Medium,Agent_11,48,1763
TKT-0632,2024-03-28 14:46,2024-03-31 07:25,Billing,Payment Issue,Medium,Agent_06,48,1229
TKT-0633,2024-05-02 15:51,2024-05-03 07:32,Technical,Login Issue,High,Agent_16,24,2139
TKT-0634,2024-05-17 13:29,2024-05-18 17:28,Technical,Login Issue,High,Agent_02,24,2760
TKT-0635,2024-06-22 13:35,2024-06-25 03:36,Billing,Refund Request,Medium,Agent_19,48,1413
TKT-0636,2024-02-08 12:53,2024-02-10 11:14,Billing,Refund Request,Low,Agent_18,72,984
TKT-0637,2024-01-30 12:45,2024-02-03 00:30,Billing,Refund Request,Low,Agent_09,72,632
TKT-0638,2024-04-05 15:53,2024-04-06 15:06,Customer Support,Login Issue,High,Agent_10,24,2537
TKT-0639,2024-02-21 09:28,2024-02-22 15:29,Technical,Login Issue,High,Agent_17,24,2494
TKT-0640,2024-05-14 12:49,2024-05-15 12:58,Technical,Login Issue,High,Agent_04,24,2787
TKT-0641,2024-01-10 15:24,2024-01-13 00:24,Billing,Payment Issue,Low,Agent_02,72,918
TKT-0642,2024-01-12 09:33,2024-01-15 19:34,Billing,Payment Issue,Low,Agent_10,72,1191
TKT-0643,2024-02-19 12:17,2024-02-23 00:06,Customer Support,Inquiry,Low,Agent_04,72,1051
TKT-0644,2024-01-04 16:32,2024-01-07 00:45,Technical,System Error,Low,Agent_12,72,1155
TKT-0645,2024-06-29 12:36,2024-07-02 14:46,Customer Support,Login Issue,Low,Agent_10,72,672
TKT-0646,2024-01-13 10:01,2024-01-15 20:58,Customer Support,Login Issue,Medium,Agent_02,48,1891
TKT-0647,2024-04-10 10:45,2024-04-14 15:24,Technical,System Error,Low,Agent_10,72,964
TKT-0648,2024-06-20 16:05,2024-06-23 01:41,Technical,System Error,Medium,Agent_03,48,1334
TKT-0649,2024-03-20 15:30,2024-03-23 15:44,Billing,Refund Request,Low,Agent_20,72,747
TKT-0650,2024-06-28 13:50,2024-07-02 02:19,Technical,Login Issue,Low,Agent_01,72,1099
TKT-0651,2024-04-28 10:18,2024-05-02 01:56,Technical,System Error,Low,Agent_05,72,1188
TKT-0652,2024-01-28 13:35,2024-01-29 23:39,Customer Support,Login Issue,High,Agent_18,24,2309
TKT-0653,2024-03-03 16:10,2024-03-08 00:34,Customer Support,Login Issue,Low,Agent_11,72,667
TKT-0654,2024-04-21 13:34,2024-04-23 01:49,Technical,Login Issue,High,Agent_03,24,2177
TKT-0655,2024-06-01 15:20,2024-06-03 23:12,Billing,Refund Request,Low,Agent_06,72,1055
TKT-0656,2024-01-28 14:20,2024-02-02 01:01,Technical,Login Issue,Low,Agent_02,72,1276
TKT-0657,2024-06-11 08:48,2024-06-12 03:30,Technical,System Error,High,Agent_15,24,2152
TKT-0658,2024-04-24 11:13,2024-04-27 11:09,Customer Support,Login Issue,Medium,Agent_10,48,1524
TKT-0659,2024-04-21 13:05,2024-04-22 21:05,Customer Support,Login Issue,High,Agent_17,24,2626
TKT-0660,2024-01-16 13:57,2024-01-17 21:00,Customer Support,Inquiry,High,Agent_18,24,2000
TKT-0661,2024-03-13 08:15,2024-03-17 10:59,Billing,Refund Request,Low,Agent_13,72,1204
TKT-0662,2024-04-21 16:13,2024-04-24 14:24,Customer Support,Login Issue,Medium,Agent_05,48,1686
TKT-0663,2024-04-02 14:09,2024-04-03 14:04,Technical,Login Issue,High,Agent_05,24,2686
TKT-0664,2024-02-06 15:42,2024-02-08 22:50,Technical,System Error,Medium,Agent_05,48,1286
TKT-0665,2024-06-27 14:39,2024-06-28 10:08,Customer Support,Login Issue,High,Agent_14,24,2521
TKT-0666,2024-02-27 10:27,2024-02-29 06:03,Customer Support,Login Issue,Low,Agent_08,72,1110
TKT-0667,2024-05-19 13:02,2024-05-20 19:38,Billing,Refund Request,Medium,Agent_12,48,1694
TKT-0668,2024-01-21 10:46,2024-01-22 17:40,Technical,Login Issue,High,Agent_09,24,2768
TKT-0669,2024-06-05 09:15,2024-06-07 19:55,Customer Support,Inquiry,Medium,Agent_03,48,1959
TKT-0670,2024-03-28 16:49,2024-03-29 21:19,Billing,Refund Request,Medium,Agent_17,48,1664
TKT-0671,2024-03-16 12:10,2024-03-17 18:54,Operations,Delivery Delay,Medium,Agent_10,48,1811
TKT-0672,2024-05-01 10:36,2024-05-03 12:18,Billing,Refund Request,Low,Agent_20,72,898
TKT-0673,2024-05-09 09:54,2024-05-12 16:10,Technical,Login Issue,Low,Agent_20,72,735
TKT-0674,2024-01-29 10:58,2024-02-01 01:40,Technical,Login Issue,Low,Agent_12,72,1057
TKT-0675,2024-03-01 15:11,2024-03-02 22:06,Billing,Refund Request,High,Agent_11,24,2033
TKT-0676,2024-02-09 15:48,2024-02-11 22:37,Operations,Delivery Delay,Medium,Agent_08,48,1592
TKT-0677,2024-03-29 08:41,2024-04-01 13:29,Billing,Payment Issue,Low,Agent_02,72,718
TKT-0678,2024-05-01 16:14,2024-05-03 20:57,Technical,Login Issue,Medium,Agent_13,48,1922
TKT-0679,2024-04-21 08:18,2024-04-23 16:42,Customer Support,Inquiry,Medium,Agent_11,48,1894
TKT-0680,2024-05-16 13:54,2024-05-20 16:33,Operations,Delivery Delay,Low,Agent_09,72,1267
TKT-0681,2024-03-06 14:29,2024-03-08 02:16,Technical,Login Issue,High,Agent_19,24,2247
TKT-0682,2024-02-16 13:35,2024-02-17 18:18,Billing,Refund Request,Medium,Agent_03,48,1208
TKT-0683,2024-06-24 15:22,2024-06-26 10:08,Technical,System Error,Medium,Agent_09,48,1490
TKT-0684,2024-01-15 11:38,2024-01-18 07:45,Technical,System Error,Medium,Agent_04,48,1925
TKT-0685,2024-06-14 10:57,2024-06-16 20:41,Technical,System Error,Low,Agent_09,72,788
TKT-0686,2024-03-11 14:44,2024-03-14 13:33,Technical,System Error,Medium,Agent_11,48,1988
TKT-0687,2024-01-16 14:24,2024-01-20 03:27,Technical,System Error,Low,Agent_09,72,864
TKT-0688,2024-02-21 14:11,2024-02-24 11:42,Technical,System Error,Medium,Agent_05,48,1311
TKT-0689,2024-06-13 09:58,2024-06-17 13:43,Customer Support,Login Issue,Low,Agent_04,72,865
TKT-0690,2024-03-05 15:01,2024-03-08 02:10,Technical,System Error,Medium,Agent_01,48,1868
TKT-0691,2024-06-28 13:57,2024-07-02 11:33,Operations,Delivery Delay,Low,Agent_17,72,603
TKT-0692,2024-04-13 09:34,2024-04-15 03:34,Billing,Refund Request,Medium,Agent_16,48,1593
TKT-0693,2024-03-18 14:03,2024-03-20 20:26,Technical,Login Issue,Low,Agent_11,72,1147
TKT-0694,2024-03-15 11:11,2024-03-16 18:13,Technical,Login Issue,High,Agent_07,24,2393
TKT-0695,2024-06-10 13:31,2024-06-11 06:27,Technical,Login Issue,High,Agent_15,24,2647
TKT-0696,2024-01-07 11:31,2024-01-11 07:35,Billing,Payment Issue,Low,Agent_10,72,1153
TKT-0697,2024-01-05 08:21,2024-01-05 23:42,Customer Support,Login Issue,High,Agent_02,24,2738
TKT-0698,2024-06-19 16:29,2024-06-21 04:24,Customer Support,Inquiry,High,Agent_05,24,2549
TKT-0699,2024-01-10 10:31,2024-01-11 20:32,Billing,Payment Issue,High,Agent_20,24,2482
TKT-0700,2024-06-10 08:57,2024-06-13 19:49,Technical,System Error,Low,Agent_15,72,699
TKT-0701,2024-01-28 09:31,2024-01-29 19:22,Customer Support,Inquiry,High,Agent_08,24,2630
TKT-0702,2024-06-22 14:20,2024-06-24 02:03,Technical,System Error,Medium,Agent_18,48,1789
TKT-0703,2024-05-31 10:21,2024-06-01 02:28,Technical,System Error,High,Agent_05,24,2280
TKT-0704,2024-05-21 10:28,2024-05-23 06:27,Billing,Payment Issue,Medium,Agent_02,48,1795
TKT-0705,2024-01-05 15:05,2024-01-06 05:05,Technical,Login Issue,High,Agent_03,24,2183
TKT-0706,2024-05-01 10:13,2024-05-02 23:53,Billing,Refund Request,Medium,Agent_17,48,1477
TKT-0707,2024-06-05 08:38,2024-06-06 04:23,Customer Support,Inquiry,High,Agent_20,24,2511
TKT-0708,2024-01-02 16:15,2024-01-05 11:22,Operations,Delivery Delay,Low,Agent_04,72,1142
TKT-0709,2024-06-09 11:17,2024-06-10 18:29,Customer Support,Inquiry,Medium,Agent_05,48,1315
TKT-0710,2024-02-10 08:03,2024-02-13 05:26,Billing,Refund Request,Medium,Agent_07,48,1491
TKT-0711,2024-04-26 08:06,2024-04-27 16:05,Customer Support,Login Issue,Medium,Agent_06,48,1750
TKT-0712,2024-01-30 09:57,2024-02-01 05:43,Technical,System Error,Medium,Agent_19,48,1655
TKT-0713,2024-06-22 13:14,2024-06-24 22:34,Customer Support,Login Issue,Low,Agent_04,72,833
TKT-0714,2024-04-06 11:04,2024-04-07 16:41,Technical,Login Issue,High,Agent_02,24,2496
TKT-0715,2024-06-05 15:11,2024-06-09 11:34,Operations,Delivery Delay,Low,Agent_15,72,739
TKT-0716,2024-02-21 13:08,2024-02-22 04:52,Billing,Refund Request,High,Agent_02,24,2582
TKT-0717,2024-04-27 14:10,2024-04-28 14:24,Technical,System Error,High,Agent_20,24,2302
TKT-0718,2024-05-21 11:05,2024-05-23 17:59,Technical,System Error,Medium,Agent_16,48,1734
TKT-0719,2024-04-28 12:00,2024-04-30 19:47,Operations,Delivery Delay,Medium,Agent_08,48,1452
TKT-0720,2024-05-31 10:58,2024-06-01 19:55,Technical,System Error,High,Agent_14,24,2005
TKT-0721,2024-05-09 08:27,2024-05-10 14:52,Operations,Delivery Delay,High,Agent_04,24,2490
TKT-0722,2024-01-04 14:13,2024-01-07 01:35,Customer Support,Inquiry,Low,Agent_08,72,902
TKT-0723,2024-06-20 12:10,2024-06-24 18:04,Customer Support,Inquiry,Low,Agent_19,72,1184
TKT-0724,2024-02-05 14:11,2024-02-07 17:51,Technical,Login Issue,Medium,Agent_01,48,1675
TKT-0725,2024-06-25 13:33,2024-06-27 12:51,Operations,Delivery Delay,Low,Agent_09,72,1036
TKT-0726,2024-01-21 13:47,2024-01-22 05:19,Billing,Payment Issue,High,Agent_12,24,2690
TKT-0727,2024-04-29 08:23,2024-05-03 01:34,Operations,Delivery Delay,Low,Agent_18,72,1263
TKT-0728,2024-03-26 11:34,2024-03-28 21:15,Billing,Payment Issue,Low,Agent_19,72,1089
TKT-0729,2024-02-27 13:22,2024-02-28 11:54,Operations,Delivery Delay,High,Agent_14,24,2696
TKT-0730,2024-04-25 15:32,2024-04-28 02:02,Technical,System Error,Low,Agent_18,72,1326
TKT-0731,2024-04-04 09:12,2024-04-06 18:17,Billing,Refund Request,Medium,Agent_13,48,1282
TKT-0732,2024-01-20 09:10,2024-01-21 07:17,Operations,Delivery Delay,High,Agent_05,24,2713
TKT-0733,2024-06-09 08:18,2024-06-11 15:01,Customer Support,Inquiry,Medium,Agent_05,48,1754
TKT-0734,2024-06-14 08:18,2024-06-16 00:22,Customer Support,Login Issue,Medium,Agent_08,48,1222
TKT-0735,2024-03-28 13:31,2024-03-31 07:13,Billing,Refund Request,Medium,Agent_17,48,1913
TKT-0736,2024-05-25 10:57,2024-05-27 10:07,Billing,Refund Request,Medium,Agent_08,48,1466
TKT-0737,2024-01-13 10:22,2024-01-14 09:51,Customer Support,Login Issue,High,Agent_20,24,2170
TKT-0738,2024-02-14 10:10,2024-02-17 11:17,Operations,Delivery Delay,Low,Agent_11,72,642
TKT-0739,2024-02-17 11:35,2024-02-19 11:17,Customer Support,Login Issue,Low,Agent_12,72,924
TKT-0740,2024-02-11 16:19,2024-02-13 04:17,Technical,Login Issue,Medium,Agent_13,48,1225
TKT-0741,2024-03-22 10:00,2024-03-23 17:32,Operations,Delivery Delay,High,Agent_10,24,2339
TKT-0742,2024-05-26 10:51,2024-05-27 19:37,Customer Support,Login Issue,High,Agent_11,24,2452
TKT-0743,2024-02-05 16:07,2024-02-06 15:08,Billing,Refund Request,High,Agent_20,24,2411
TKT-0744,2024-03-24 08:38,2024-03-27 04:15,Billing,Refund Request,Low,Agent_08,72,1139
TKT-0745,2024-01-22 16:54,2024-01-26 21:37,Billing,Refund Request,Low,Agent_03,72,1287
TKT-0746,2024-03-22 16:03,2024-03-26 09:28,Operations,Delivery Delay,Low,Agent_14,72,751
TKT-0747,2024-03-29 13:19,2024-04-02 18:14,Customer Support,Login Issue,Low,Agent_03,72,1174
TKT-0748,2024-04-16 15:18,2024-04-18 06:09,Technical,Login Issue,Medium,Agent_14,48,1945
TKT-0749,2024-05-30 09:09,2024-06-02 06:28,Billing,Refund Request,Low,Agent_17,72,1086
TKT-0750,2024-05-31 14:05,2024-06-01 04:31,Operations,Delivery Delay,High,Agent_09,24,2654
TKT-0751,2024-02-05 11:11,2024-02-07 15:29,Customer Support,Login Issue,Medium,Agent_16,48,1767
TKT-0752,2024-03-18 15:35,2024-03-19 19:49,Technical,Login Issue,High,Agent_01,24,2027
TKT-0753,2024-06-11 15:07,2024-06-13 01:49,Technical,Login Issue,High,Agent_14,24,2294
TKT-0754,2024-03-11 15:04,2024-03-15 08:41,Technical,System Error,Low,Agent_19,72,1092
TKT-0755,2024-05-01 09:23,2024-05-03 22:09,Customer Support,Login Issue,Medium,Agent_01,48,1789
TKT-0756,2024-02-07 13:29,2024-02-10 13:37,Billing,Payment Issue,Medium,Agent_06,48,1565
TKT-0757,2024-04-01 08:18,2024-04-03 06:51,Technical,Login Issue,Medium,Agent_03,48,1854
TKT-0758,2024-06-02 10:34,2024-06-03 11:29,Customer Support,Inquiry,High,Agent_10,24,2323
TKT-0759,2024-05-28 13:52,2024-05-31 02:52,Technical,Login Issue,Low,Agent_17,72,740
TKT-0760,2024-02-11 09:13,2024-02-12 22:45,Technical,Login Issue,Medium,Agent_07,48,1426
TKT-0761,2024-01-20 09:52,2024-01-21 22:51,Billing,Payment Issue,Medium,Agent_16,48,1217
TKT-0762,2024-04-23 16:48,2024-04-27 06:59,Technical,Login Issue,Low,Agent_10,72,1326
TKT-0763,2024-06-26 10:44,2024-06-29 11:03,Technical,System Error,Low,Agent_07,72,728
TKT-0764,2024-01-29 09:01,2024-01-31 19:49,Technical,System Error,Medium,Agent_02,48,1641
TKT-0765,2024-05-11 08:30,2024-05-12 02:28,Technical,System Error,High,Agent_02,24,2259
TKT-0766,2024-02-01 11:37,2024-02-02 07:48,Technical,System Error,High,Agent_12,24,2686
TKT-0767,2024-03-12 13:22,2024-03-13 09:16,Technical,System Error,High,Agent_20,24,2512
TKT-0768,2024-05-28 08:33,2024-05-31 07:18,Technical,System Error,Low,Agent_10,72,796
TKT-0769,2024-01-26 11:58,2024-01-27 18:52,Technical,System Error,High,Agent_16,24,2724
TKT-0770,2024-01-28 10:53,2024-01-30 13:17,Customer Support,Inquiry,Medium,Agent_07,48,1634
TKT-0771,2024-03-21 09:29,2024-03-23 19:02,Customer Support,Login Issue,Low,Agent_16,72,739
TKT-0772,2024-01-11 09:20,2024-01-13 20:27,Billing,Refund Request,Medium,Agent_10,48,1594
TKT-0773,2024-04-23 11:35,2024-04-25 17:53,Customer Support,Login Issue,Medium,Agent_07,48,1638
TKT-0774,2024-04-04 10:00,2024-04-05 21:31,Operations,Delivery Delay,High,Agent_04,24,2688
TKT-0775,2024-04-11 14:44,2024-04-13 23:31,Customer Support,Inquiry,Low,Agent_03,72,772
TKT-0776,2024-06-01 14:07,2024-06-04 15:00,Customer Support,Inquiry,Low,Agent_16,72,1034
TKT-0777,2024-06-13 14:22,2024-06-14 20:04,Technical,Login Issue,High,Agent_13,24,2617
TKT-0778,2024-04-26 09:07,2024-04-29 12:38,Operations,Delivery Delay,Low,Agent_08,72,1109
TKT-0779,2024-01-14 09:31,2024-01-16 07:42,Customer Support,Inquiry,Low,Agent_20,72,991
TKT-0780,2024-06-08 09:48,2024-06-10 14:30,Billing,Payment Issue,Low,Agent_17,72,1369
TKT-0781,2024-06-18 15:31,2024-06-23 02:47,Billing,Refund Request,Low,Agent_11,72,1155
TKT-0782,2024-01-09 14:56,2024-01-10 08:20,Billing,Payment Issue,High,Agent_11,24,2460
TKT-0783,2024-01-09 10:35,2024-01-12 09:30,Operations,Delivery Delay,Medium,Agent_10,48,1998
TKT-0784,2024-02-04 12:45,2024-02-06 17:16,Operations,Delivery Delay,Medium,Agent_04,48,1982
TKT-0785,2024-06-24 16:36,2024-06-27 03:06,Customer Support,Login Issue,Medium,Agent_06,48,1775
TKT-0786,2024-05-31 14:39,2024-06-04 07:28,Customer Support,Login Issue,Low,Agent_11,72,891
TKT-0787,2024-04-03 13:51,2024-04-05 12:39,Technical,System Error,Low,Agent_11,72,1240
TKT-0788,2024-04-01 14:22,2024-04-03 17:04,Customer Support,Login Issue,Low,Agent_08,72,850
TKT-0789,2024-06-25 09:55,2024-06-27 09:02,Technical,Login Issue,Medium,Agent_06,48,1545
TKT-0790,2024-06-17 14:36,2024-06-22 03:33,Technical,Login Issue,Low,Agent_09,72,1031
TKT-0791,2024-03-22 14:36,2024-03-24 18:56,Technical,Login Issue,Medium,Agent_04,48,1786
TKT-0792,2024-02-22 13:31,2024-02-25 02:22,Billing,Payment Issue,Medium,Agent_11,48,1983
TKT-0793,2024-04-21 11:31,2024-04-23 16:24,Technical,Login Issue,Low,Agent_07,72,1148
TKT-0794,2024-05-26 14:51,2024-05-29 14:30,Technical,System Error,Low,Agent_03,72,1360
TKT-0795,2024-03-10 09:36,2024-03-12 23:06,Billing,Payment Issue,Medium,Agent_07,48,1637
TKT-0796,2024-03-18 16:51,2024-03-20 16:18,Technical,System Error,Medium,Agent_18,48,1879
TKT-0797,2024-06-08 16:29,2024-06-11 15:17,Technical,Login Issue,Medium,Agent_06,48,1760
TKT-0798,2024-02-24 15:17,2024-02-27 11:51,Operations,Delivery Delay,Medium,Agent_14,48,1829
TKT-0799,2024-04-03 15:09,2024-04-05 10:18,Operations,Delivery Delay,Medium,Agent_10,48,1964
TKT-0800,2024-01-17 11:54,2024-01-21 11:11,Billing,Refund Request,Low,Agent_06,72,893
